,74 Chevy Tailgate Support-RBS,Air Compressor 22,B&D Cordless Screwdriver,B&D Elec. Polisher,B&D Weed Trimmer,Battery Op. Toothbrush,Bissel Hand Vacuum,Black & Decker Elec. Knife,Black & Decker Sander,Braun Hand Blender,Bubble Machine,Bumble Ball Toy,Cadillac Slide-Out Visor-RBS,Chainsaw Toy Truck 18,Corvette Vac 23,Crossfire Game,Dazey Fruit & Veg. Stripper-RBS,De walt sander,Dremel Electric Engraver-RBS,Drill and Nail Extractor  11,Durabuilt Hand Vacuum,Electric Can Opener,Electric Pencil Sharpener,Ertl Bumble Ball,F.Price Remote Control Car,Fisher Price Bubble Mower,Good Times Fishing Reel,Green Eagle Putting Cup,Hair Dryer,Hamilton  Elec. Mixer,Horseman Swimming Toy,Hot Glue Gun 21,Humidifier,KRUPS Café Trio,Krups Cheese Grater,Mattel Bubble Extinguisher,Metronome,Mini Pro Hair Dryer,Moen Kitchen Water Faucet,Mr. Coffee Coffee Maker-RBS,Mr. Coffee Iced Tea Maker-RBS,OverRider Toy Car,Paint Sprayer,Pneumatic Air Ratchet,Portable Fan,Power Caulk 20,Presto Popcorn Popper,Presto Salad Shooter,Push-n-Go Train 13,Radio Controlled Truck,Real Power Tool Shop,Regal Ware Electric Knife,SKIL Power Screwdriver-RBS,Salon Series 795 Hair Dryer,Salton Sandwich Maker,Small Projectile Toy,Stamp Machine 17,Stanley Electric Stapler,Super Maxx Ball Shooter-RBS,Tactical Nerf Toy Gun,Takka-1000 Pasta Machine,Tape Rewinder 22,Toy Solar Car,Upright Vacuum Cleaner,Wagner Paint Roller,West Bend Iced Tea Maker-RBS,West Bend Mixer,WestBend Food Processor,Wet/Dry Vacuum,bicycle brake 18
74 Chevy Tailgate Support-RBS,0.0,3.539889794671573,3.6324496446591006,2.8489255653540226,1.8011830657924492,3.107668938570948,1.0720610853265915,2.5083938568250055,2.731105368390045,1.5081175922247672,1.8558886311225469,1.7909854032816401,2.821743752090724,1.4731491441643927,3.8458489649008136,1.4376614088886266,3.7903166852671553,3.968085296980642,1.0847036413078732,2.728929841472049,3.3680840294174423,1.9369918684543592,3.25236328915864,1.477514878769055,2.905186409728929,2.837693742059165,1.9299874820983838,1.3812544275190952,4.852367484234147,2.408257411589869,0.9896470689531238,3.822585070296893,3.545178513936402,5.189821818209179,3.5083429477397527,2.4901905769068042,2.898873542966495,2.2481442104440243,2.7266555117348457,5.982933334053292,5.378656752770324,1.431864531903984,3.185180952788509,2.7860926719434276,2.153107417685942,1.410707573128246,1.0032577591676057,2.8131661563712442,2.173774920587084,2.1036778317587443,3.476314756742777,3.275110293985822,2.8770845972195636,2.487441543199374,3.3670790337909087,1.7356870112988583,3.3275333451078413,1.781552442306797,2.256532086491255,1.7698659523612308,2.3319257169950687,1.3452239850013346,2.1557587914080902,2.0143453644829945,1.4263802930612612,6.30022867495114,2.0204532322637414,1.7909854032816472,2.9287359785407823,2.528922281323263
Air Compressor 22,3.539889794671573,0.0,2.6760880101907745,2.71200462830679,4.322190406392764,1.4576386287824594,2.806259642911488,3.353878685655624,1.7545787414150336,3.757313749693086,3.338229956428584,4.409246126722217,4.695872297300453,2.7502831356270057,1.7307083868948212,4.276491057414041,3.5714125282748896,3.189485453668541,3.50497204819676,5.183529453899493,1.4798882464555594,2.5125891672452805,3.7256350831992258,3.2791990760142085,1.2595262285937203,4.780573109845951,2.172779633850521,3.6426113415681325,2.353240730275786,3.429143476908362,3.3225899407123074,1.4797263575701087,1.4185384728407373,4.111913946064889,4.721870202623764,3.686931155366962,4.426659892977674,1.6857140382931068,5.360524194489088,4.997742025721772,4.014900157749849,3.8700663289559736,2.252493205049461,2.859946756568709,2.745475676765076,3.5411941547991885,3.323868445916867,2.6150651454990257,4.544253667055552,3.3798276916544303,6.216788956335976,1.272128571331569,2.68950586358588,1.3548510292178022,2.563220740710514,4.196381852451965,4.807384849782601,3.242254023604159,1.8211425100560128,2.4665209809714415,1.6139668516612382,2.6407618377156985,3.8708031156349616,4.108033516824973,2.6036328441488497,5.044056138495253,2.1134323774504695,4.409246126722217,1.8533939104542207,5.0927416616216465
B&D Cordless Screwdriver,3.6324496446591006,2.6760880101907745,0.0,1.5940168438411486,4.586174557389194,1.7802444949287128,3.374477380702687,2.9178370636110365,2.0787615885112096,3.972391673135126,4.459326774904425,4.916733780665487,5.580394339956883,3.0602184478001835,2.83515909488632,4.3516780697132225,2.3640453366755745,2.402815497862992,3.8097375759036485,5.730892139917151,1.8527856757921168,2.5708929709252035,3.218930577143471,4.117415625970262,2.7242813655581783,5.732084939529857,2.726375950724828,3.7972972790207726,2.795269318718274,4.671776172515761,3.768232565993588,2.310591326641128,2.3584060803457936,3.4101294527378445,3.87045071609578,4.205045743063594,4.949237076057121,2.3786214622311466,5.730871147429397,4.112568019138148,3.2473448421497415,4.469057184402354,2.646854680128827,3.274760584227018,3.920854772252915,3.453648083514594,3.6851978081581356,2.547832847690573,5.005386378270479,4.514504863145647,6.518925914950322,2.094445939669522,1.8947985409598151,2.6653299825848507,1.4676245803591212,4.786901711859107,4.41373703508195,4.274976243791954,2.3689756191567217,2.708168175922169,2.6262512901130886,3.4672646223516814,4.852366311725305,4.933552999487813,3.1343540822507547,4.272152245875783,2.8245756130050323,4.91673378066549,2.712834022145478,4.54861975859506
B&D Elec. Polisher,2.8489255653540226,2.71200462830679,1.5940168438411486,0.0,3.764779487502098,1.8762549019094312,2.6717135891515262,1.778521442075533,1.7259472767786985,3.159932291770881,3.9659362570795897,4.2309128996131715,5.12270076440242,2.389220021808569,2.892290673617098,3.4815680871564902,2.1030290396526983,2.3135185724443463,2.9018712108653757,5.1453755512636405,1.9745195491794156,1.842080393364705,2.483225432972483,3.5755359850096444,2.576908877208572,5.221420332305332,1.9123852490037312,3.109144457509266,3.230666466752942,4.318496591343232,3.093697747071092,2.2642362908524274,2.6213579921812693,3.3496504154858164,3.0440822213808127,3.3790561458355817,4.16197223211664,1.8401860661060114,4.987455067323267,4.013869996844629,3.413812355151533,3.826257165917085,2.2500608049210773,2.699246191116193,3.4265397678884697,2.5121372156401836,2.966448032254047,2.112510833508016,4.2894599925768055,4.106835420536854,5.869702889179662,2.0377037374329734,1.399668232834062,2.2723165427589445,0.8860775101383929,4.247797628122351,3.571922459709365,3.801326830563614,1.8052329743780027,1.7955800951875605,2.049145153332277,2.888817228377495,4.31357450827184,4.413066900684124,2.3253608022777836,4.243037374787695,2.1875232035195067,4.230912899613176,2.385276152505778,3.6028077073676843
B&D Weed Trimmer,1.8011830657924492,4.322190406392764,4.586174557389194,3.764779487502098,0.0,4.058044656231497,2.0823744984486057,2.666108672708921,3.4003285522817963,1.0366949795413694,2.247409161416244,1.4811484166685507,2.808759548024549,2.0764580586779977,4.245058454826931,0.8736474388793689,4.160372632175442,4.432516883991623,1.3545751522357665,2.728838107724922,4.201947768986119,2.471907770914582,3.34594085346519,1.8701088769635825,3.786042166300411,2.9632976534664897,2.7206835011214023,1.6461169101481838,5.5375422840662605,2.8381066704374143,1.5449966501312513,4.609549801169758,4.29245257919141,5.539013366189812,3.4282157026179023,2.0473469829965216,2.270965544748084,3.0641062919509583,2.1998801411898494,6.134282306308407,5.8452011833974415,1.5989256578121251,3.666681419820964,2.8610925578713915,2.398186966049218,2.1265324226019753,1.6083695384198458,3.0458037066703776,1.227879930842403,2.566801155339459,2.9951842121132413,4.1923489434334575,3.6621208919367816,3.2994036609374744,4.328340418489868,2.375482162322136,3.2810062128319903,2.5773325572404135,3.1594443358713282,2.455659203752309,3.133943139952092,2.18256117049441,2.1542312141585223,2.304580976165401,2.0236755542955644,6.47018283072542,2.483920470499788,1.48114841666855,3.609157133042715,2.3763530634012073
Battery Op. Toothbrush,3.107668938570948,1.4576386287824594,1.7802444949287128,1.8762549019094312,4.058044656231497,0.0,2.722823625375425,2.7999469282005887,1.3356862943327263,3.5306812639718053,3.4642601831510507,4.279003365915012,4.858157855305011,2.5618856466526516,2.222031864528805,3.907331843083815,2.969659528820722,2.787319303884081,3.1994183840281316,5.081476275592664,0.9672797286076814,2.191752140538534,3.4095435411961335,3.37573882312965,1.6420992277650637,4.936528318278495,2.171971387467695,3.4576797838360496,2.3932903491163775,3.59888742951904,3.205483544653753,1.9530804789765617,1.520508648851974,3.8870131360816003,4.149010268703369,3.8439708129408983,4.573322636681174,1.4704361283090364,5.20772474123362,4.712569805997364,3.902441590772253,3.8208488027171423,2.496432039578509,2.7513167889052643,2.907181563199685,2.828496925103874,3.1705117035584935,2.5576235832562078,4.482979378711401,3.4877825771250133,6.000562186345658,1.2661943918974419,1.7815798419014008,1.588512098321851,1.9206162696654017,4.075023002481867,4.522683787641687,3.2841033386727947,1.5633195239672042,2.0971313160817138,1.6903123770221815,2.7153032575569505,4.051492468067738,4.182609148127768,2.444909672921621,4.869394130633346,2.0679418474655047,4.279003365915016,2.0474445073001837,4.476827056103723
Bissel Hand Vacuum,1.0720610853265915,2.806259642911488,3.374477380702687,2.6717135891515262,2.0823744984486057,2.722823625375425,0.0,2.4926714630041604,2.310025074690367,1.664205848233746,1.6499263953246461,2.136949865589361,2.7165081036389433,1.083575555470755,3.176495596620689,1.9098874284768785,3.5691360876598073,3.615198035824319,1.3428552568887373,3.0330011456024324,2.9052045460234686,1.5029590902216565,3.0623520045882433,1.1736308128744246,2.300879260725349,2.858611594327449,1.21098003548351,1.2513296607182318,4.321698177155679,2.2262078612978513,0.8870878758006656,3.1297814801434436,3.010796261347282,4.782785101600321,3.672380310906839,2.041381869984916,2.6811680884786893,1.707553398798538,3.0420190344425975,5.631105791351748,4.8855901546893925,1.5600108288749597,2.4691670745199716,2.4341207867013135,1.7879071016584398,1.8925259044659675,0.9206762107405813,2.2548746839759533,2.296417090526983,1.9552087116570196,3.9541910681215238,2.638977828788773,2.6950454108305544,1.7893040131574427,2.9836356399945148,2.017879174518548,3.309930504950136,1.6509903832289685,1.702156984193429,1.3826788704085726,1.7378146288276692,0.5480629843918088,1.9473010419238734,2.018274299115233,0.9700221444438732,5.886454961448651,1.4336431163776453,2.1369498655893633,2.2701640948936057,3.0642925822844616
Black & Decker Elec. Knife,2.5083938568250055,3.353878685655624,2.9178370636110365,1.778521442075533,2.666108672708921,2.7999469282005887,2.4926714630041604,0.0,1.9655807219928552,2.084074143499159,3.5672566519864177,3.525061028870436,4.5714147544055574,1.9512004820386666,3.241735564420874,2.40199706748997,2.122449075729994,2.5370122857469384,2.120209542900795,4.563691069855639,2.8293852153617394,1.5732253904376332,1.8325733838257048,3.062830092485007,3.000854137459314,4.759153355886845,1.9773915453260862,2.4883437770594132,4.193460001169075,4.056790602060987,2.585078243861202,3.117218004370244,3.35513584808363,3.7044501808962407,2.392177047502086,2.404920324355129,3.198867471587873,2.186029014694533,4.052033375393523,4.1209673995280545,3.9358619063672946,3.2998431824909713,2.4363877326585546,2.194776707615339,3.075291583246948,2.154783130495508,2.428499218556778,1.8514062274381473,3.2586189322833765,3.821862131973248,5.02893780487481,2.882679220162677,2.1342173945940273,2.48330898532313,2.4569274205043836,3.9269863904795392,3.039515251120133,3.643018622502394,2.3265777262073706,1.710076476174217,2.310108670141298,2.7147402172567405,3.705069811393783,3.9078581746814933,1.9624572487152792,4.470552678793057,1.7970245157155837,3.5250610288704376,2.7967020322372136,2.870471498785278
Black & Decker Sander,2.731105368390045,1.7545787414150336,2.0787615885112096,1.7259472767786985,3.4003285522817963,1.3356862943327263,2.310025074690367,1.9655807219928552,0.0,2.8060930362917103,3.109828071266674,3.824179611922523,4.43492791596871,1.8636243487765682,2.0539822595831003,3.2222371278348065,2.321585841970265,2.0009669723381585,2.6935324970656227,4.705700074421414,1.3243598570050101,1.5432418138501172,2.3758541627464846,2.859007063200838,1.7301452071962717,4.560434800646861,1.5316800218853825,2.855795750922298,2.922213484798034,3.4383706133401084,2.7510039083278057,1.9783940303417593,2.0344280347282435,3.4180088661844645,3.3557409987042717,2.8736705184214975,3.6126407821444975,0.965124616431756,4.562251892865396,4.2243406379839135,3.4597517351004097,3.3637339296810187,1.748490357083216,1.9614801005512108,2.6032051884982117,2.646503155890259,2.691380990345793,1.7645999522805493,3.8059007076781945,3.2640027209813525,5.389012518833391,1.5548211322761574,1.7627990323014304,1.2770089869808792,2.0402251873256105,3.814221715370726,3.658333233913747,3.1557030103159276,1.5684100447225118,1.6577735883856233,1.2630011378249457,2.357544177848514,3.437883408271631,3.7249808044799027,1.7764694096393427,4.432579268890515,1.2533292454874274,3.8241796119225246,1.7350531321233398,3.8282084997730514
Braun Hand Blender,1.5081175922247672,3.757313749693086,3.972391673135126,3.159932291770881,1.0366949795413694,3.5306812639718053,1.664205848233746,2.084074143499159,2.8060930362917103,0.0,2.180947659896205,1.870469827855471,2.9973454326309072,1.5010828173317898,3.7568313505745414,1.0674608457931913,3.6433176197977257,3.8834381449531294,0.9563772573126592,3.0052708265531125,3.6611853412933164,1.934258750057897,2.9515870467470386,1.553799309391641,3.166268510740666,3.1726503239229857,2.1303079217353704,1.4796903992645376,5.006489990771358,2.6772594644579626,1.1503463602378643,3.95032870770923,3.787767551952841,5.098226684092299,3.3296509261871985,1.756481546088614,2.285575139854765,2.548979594555817,2.5980535451853273,5.6688709433510605,5.300660649002357,1.6648158625544773,3.132614488953807,2.568091506237009,2.241827130336102,1.8780926214527363,1.1197277485852892,2.5107461528951744,1.6348938280066154,2.49111278776682,3.5678505307518136,3.6072159466256886,3.265250274844197,2.6593300032624403,3.74504229623576,2.40375851876296,3.247089869069146,2.388902611030617,2.6753294281474456,2.0137221630015123,2.572632368057106,1.7401002407953428,2.2383261159220678,2.3112296065470073,1.5835679548818231,5.993227370195081,1.8831283046596736,1.8704698278554688,3.171112294064621,2.6652160802880442
Bubble Machine,1.8558886311225469,3.338229956428584,4.459326774904425,3.9659362570795897,2.247409161416244,3.4642601831510507,1.6499263953246461,3.5672566519864177,3.109828071266674,2.180947659896205,0.0,1.7739834083611634,2.1244520399763753,2.050071147018177,3.658311875968875,2.3328538402948586,4.698372098818175,4.573245242168555,2.0701959010897037,2.5679717938328217,3.643705438976222,2.6752290447990092,3.9924583762802692,1.0687083187073232,2.762305282372533,2.052365923758211,2.444776227766195,2.1179041494920563,4.896709991003264,1.228025018127179,1.6160915850944375,4.03950750376841,3.528377635175769,5.696779962855796,4.438328469717227,2.641960276909197,2.7830023633318266,2.525411727957056,2.8972234692980368,6.64124977744526,5.925334510193937,1.2999044471166696,3.4303219335827744,2.846976333627695,1.3707483863055987,2.680576800269175,1.7715175860817574,3.29539185119445,2.1925677136516852,0.8660913432997065,3.346351578106248,3.5313164006202107,3.771640864112413,2.524181108908699,4.3282684858267535,1.6056394644166965,4.016317253949004,1.1498745482689958,2.6482444072318576,2.490157632897127,2.4193812538989756,1.4349659823889085,1.1204385878050216,1.4178485177122404,1.8764350453658705,6.88613541292343,2.2948473885386873,1.7739834083611634,2.9330991336731707,3.616443723608883
Bumble Ball Toy,1.7909854032816401,4.409246126722217,4.916733780665487,4.2309128996131715,1.4811484166685507,4.279003365915012,2.136949865589361,3.525061028870436,3.824179611922523,1.870469827855471,1.7739834083611634,0.0,1.9548778922603578,2.5749708265846607,4.604122090545762,1.6425417981445423,4.98496922014177,5.09135156787594,1.7202797457281533,1.7080201609024568,4.477521937819808,3.03254235930161,4.0757895967046,1.6923456002921013,3.9294177955887055,1.8224550507341035,3.0438859920763295,1.9221855675973425,5.886653659761312,2.373953690047117,1.5254303462976389,4.892109078713728,4.433202011763832,6.166467122581197,4.121807943501947,2.6581949355379257,2.6046715770265436,3.3206385685599695,1.7978343041755551,6.994175768302578,6.466895128487149,0.8726026384807651,4.073606505560823,3.4157583073505595,2.320843169794407,2.599216239460585,1.6417778749563954,3.582929575333988,1.1932234273982079,2.015176190351962,2.340470524962794,4.4979505990180515,4.185663947261141,3.5591378399145754,4.727979531633094,1.388965934110253,3.9098148354256295,1.991512341928583,3.399883590079136,2.957553554016906,3.3189958826174797,2.071884702307599,1.6461921644634203,1.4403458772657103,2.4020269776722016,7.293196067603266,2.973007032042579,1.47020941219798e-14,3.872560776910213,2.982521367054259
Cadillac Slide-Out Visor-RBS,2.821743752090724,4.695872297300453,5.580394339956883,5.12270076440242,2.808759548024549,4.858157855305011,2.7165081036389433,4.5714147544055574,4.43492791596871,2.9973454326309072,2.1244520399763753,1.9548778922603578,0.0,3.312185539985078,5.213060109090768,2.8873837072120834,5.790609025273329,5.7756489372218525,2.9051455627488467,1.3469560697034202,5.1270682010260575,3.726504645965063,4.92033476081032,2.114698975937353,4.397553810262334,1.0441548753757188,3.6736601240306848,2.7071083091402373,6.557233918891599,2.3985614237486574,2.4440597554302204,5.452292992851837,5.096134680929865,6.9444013653703,5.3333776527761945,3.2871509846094846,3.243136910480099,3.9582526792420323,1.8531014315370782,7.873963066219151,7.086735228434878,1.935430228910926,4.523098847119822,4.290602794432115,3.1496843041608384,3.7629131587761253,2.5113551980918203,4.147544052321692,2.099050348962558,2.2160802490018576,2.5267512485228325,4.928896614289109,5.011817542200789,3.9462397573366443,5.440258231917256,1.5914246223620738,4.941459718450503,2.2368655856849253,4.089645409225108,3.896851855022451,3.9727388948711293,2.5567061958440784,1.7354028723530184,1.1104101360925398,3.248578838928712,8.158507508468528,3.552756078131414,1.9548778922603516,4.507930191470686,4.437963578874996
Chainsaw Toy Truck 18,1.4731491441643927,2.7502831356270057,3.0602184478001835,2.389220021808569,2.0764580586779977,2.5618856466526516,1.083575555470755,1.9512004820386666,1.8636243487765682,1.5010828173317898,2.050071147018177,2.5749708265846607,3.312185539985078,0.0,2.7040708020420094,1.9725096077741588,2.8553049796323493,3.01360039100243,1.6203345371497477,3.626913790318434,2.6408718804808307,0.9430611513173661,2.40665162186827,1.5108912563346877,2.071185772190259,3.4835195340208185,1.0807294278649404,1.5209333859290093,3.9399799309855834,2.5342079036080336,1.378341282249608,2.8904627076542835,2.7849797507454,4.329977463163819,3.088995120274016,1.8780196007750933,2.5812152498430887,1.5276555342260771,3.458664992329423,5.064083567898188,4.426573220792064,2.0234248395492482,2.0692291051226244,1.9068182226206614,1.7680737103669535,1.876643347889792,1.430904617377124,1.7561791521562526,2.5662132746319473,2.2756066174127776,4.23444513347134,2.3871253811049873,2.2233155850049857,1.5862141571273969,2.782986893652546,2.673730686261408,2.9446519713183643,2.1769103535026684,1.546668393137908,1.0788205884771311,1.5653422107032564,1.271235794703299,2.3569555179441566,2.6177332378965303,0.719627345730471,5.3173292253205435,0.9175410182449982,2.574970826584663,1.9885604595711779,2.8485743311916463
Corvette Vac 23,3.8458489649008136,1.7307083868948212,2.83515909488632,2.892290673617098,4.245058454826931,2.222031864528805,3.176495596620689,3.241735564420874,2.0539822595831003,3.7568313505745414,3.658311875968875,4.604122090545762,5.213060109090768,2.7040708020420094,0.0,4.307448014935412,3.0058855695681808,2.6686987998270384,3.795767163106923,5.7569160904026955,1.70558929526212,2.4850400724293635,3.121322132288812,3.5359095435083163,1.652115575515793,5.290152114947005,2.3737103991011255,3.696438622208281,1.902495098708086,3.968162032288343,3.5840511975592007,1.487673370451808,1.3609907691415628,3.3216836775501744,4.060520097953544,3.4072074357273383,4.069902693142404,2.0888910682611948,5.7351431503512496,4.122684334729419,3.3375872113896046,4.075487002523303,1.83667929915493,2.1655331991734617,2.629200810575527,3.8527541757896704,3.642135799532786,2.2884450800944367,4.6074157366575585,3.8072794366843956,6.398158124047383,1.7274049458788467,2.6677208345776022,1.9955079005967624,2.773264771687893,4.764479979027227,4.101810664171726,3.845986806335658,2.0341089818727673,2.430172748758691,1.9053826597884302,3.1119587502662354,4.115839225369682,4.640574063236558,2.6881402120349542,4.081305947715986,2.275325267127063,4.604122090545762,1.4696748140852347,4.689258946059311
Crossfire Game,1.4376614088886266,4.276491057414041,4.3516780697132225,3.4815680871564902,0.8736474388793689,3.907331843083815,1.9098874284768785,2.40199706748997,3.2222371278348065,1.0674608457931913,2.3328538402948586,1.6425417981445423,2.8873837072120834,1.9725096077741588,4.307448014935412,0.0,3.8730229559688114,4.1490821470943375,1.1449057889015746,2.7687542371766853,4.058143728520683,2.364262658529095,3.1244893162765037,1.9150895016272484,3.7026898217382938,3.079806402730921,2.577776051034698,1.2982055703378914,5.556802810555445,3.059359717275346,1.4639278311796078,4.477480144640816,4.281848102482532,5.276839166226483,3.242413570590569,2.0885171447048103,2.41103145546995,2.942535927092904,2.1520288889306034,5.895736829318876,5.585088897463137,1.7610131667706204,3.5450746836893465,2.782188029893186,2.552029728581683,1.9911754527897862,1.4027546825540333,2.969970589446693,1.3203762012457543,2.743830892430954,3.0551936056893947,4.035918500651658,3.459794514872103,3.1961144838899416,4.07658317508457,2.3586289328742045,3.091687624079347,2.6612542609315097,3.0607470956283627,2.301075244309217,3.0245944746913804,2.1169019958447777,2.1674252323053653,2.2904658677833356,1.9536628024965739,6.283997754111999,2.4073840938541893,1.6425417981445434,3.514061949668607,2.1246016343865373
Dazey Fruit & Veg. Stripper-RBS,3.7903166852671553,3.5714125282748896,2.3640453366755745,2.1030290396526983,4.160372632175442,2.969659528820722,3.5691360876598073,2.122449075729994,2.321585841970265,3.6433176197977257,4.698372098818175,4.98496922014177,5.790609025273329,2.8553049796323493,3.0058855695681808,3.8730229559688114,0.0,1.414845836786487,3.770763304953982,6.040895737921195,2.766957213438806,2.4010847516953007,1.9587465713269636,4.2351842125629355,3.327077785327155,6.0892759483755725,2.8165077124193343,3.4773913061593174,3.6772912697784284,5.202933444913456,3.8823505700129783,2.871029037394799,3.3490971667036176,2.5059917284112427,2.7021136243839643,3.543958161724879,4.343769404611341,2.8201662721680165,5.575189597238818,2.759444244709803,2.5701748146166343,4.652469433955785,2.332900108334466,2.625630391548022,4.026052700883667,3.6095569358028743,3.7805681051761915,2.154121106798186,4.6672787335775245,4.943332397937633,6.378284252599422,2.697137164844705,1.9738046482797909,3.051145272501003,2.2415309998494584,5.26555021472782,3.323189804144484,4.858267993220736,2.830070066981329,2.586736640340872,2.99550084981127,3.7964347177422533,4.813099854667835,5.197282855984862,3.078127524016969,3.117660788803851,2.712420596222524,4.984969220141772,2.7804503620806322,3.772983714932174
De walt sander,3.968085296980642,3.189485453668541,2.402815497862992,2.3135185724443463,4.432516883991623,2.787319303884081,3.615198035824319,2.5370122857469384,2.0009669723381585,3.8834381449531294,4.573245242168555,5.09135156787594,5.7756489372218525,3.01360039100243,2.6686987998270384,4.1490821470943375,1.414845836786487,0.0,3.9943990827975098,6.101101789743044,2.2948137128499866,2.6716976961749728,1.9187302304159648,4.228601999862799,3.1186893916867384,5.967647606775059,2.69991237789323,3.71554905653031,3.343524233355487,5.128084939794902,4.048359187570713,2.5116042521514417,3.110865187137071,1.8682888620541693,3.0350059217338075,3.454036860851178,4.138658345633322,2.5717397949464567,5.676081774698622,2.5817946445846975,1.886604831579391,4.673548993186143,2.0172787519385005,2.435154658367936,3.9637303170861613,4.003861008751838,3.954290211257575,2.2866277215881747,4.816246409646208,4.879708863953831,6.413280912798935,2.607640993042208,2.4808545942101463,2.875805379214704,2.379510985388475,5.2846639594941065,3.2738714455373374,4.827128176493509,2.892794158316085,2.7622521530777977,2.7121225406080884,3.8063957396448123,4.631767870690796,5.1261287478658355,3.0715331990201937,2.8512877176078506,2.722790291701698,5.091351567875941,2.4787346699856996,4.080694051469015
Dremel Electric Engraver-RBS,1.0847036413078732,3.50497204819676,3.8097375759036485,2.9018712108653757,1.3545751522357665,3.1994183840281316,1.3428552568887373,2.120209542900795,2.6935324970656227,0.9563772573126592,2.0701959010897037,1.7202797457281533,2.9051455627488467,1.6203345371497477,3.795767163106923,1.1449057889015746,3.770763304953982,3.9943990827975098,0.0,2.7942398414212417,3.4370710313786987,1.9095183719396351,3.22234998204467,1.5615539525620084,3.0215161552611223,3.0029796988486823,1.9946347299761489,1.4626634903385332,4.904820874234765,2.545861508781593,0.9126699432345916,3.8005875137614504,3.57676299508486,5.177439714511029,3.553770578133353,2.1678607434965915,2.743072122417198,2.32415337647089,2.555493645649977,5.8185312670442135,5.374918046013909,1.597001889380146,3.2084749359630247,2.7416119849362985,2.165530623675852,1.3711121386045972,0.8455350562139838,2.6662807844687286,1.818069718415871,2.3187336190651124,3.6343967810621334,3.3923496650848923,3.0319017787902145,2.491555738462725,3.4712163699622196,2.1150561597980126,3.5266102075411814,2.0388548293156834,2.414922267309627,1.8136843171268515,2.4060804985704247,1.4522008669646072,2.259870677875319,2.1640376010086615,1.4865367277323092,6.132906685208238,1.8641017237068844,1.7202797457281545,3.092704343100188,2.7479003424715644
Drill and Nail Extractor  11,2.728929841472049,5.183529453899493,5.730892139917151,5.1453755512636405,2.728838107724922,5.081476275592664,3.0330011456024324,4.563691069855639,4.705700074421414,3.0052708265531125,2.5679717938328217,1.7080201609024568,1.3469560697034202,3.626913790318434,5.7569160904026955,2.7687542371766853,6.040895737921195,6.101101789743044,2.7942398414212417,0.0,5.444615704874463,4.015761557173168,5.15063309105327,2.568265766649234,4.8695012360512955,1.3451459695853558,4.004779254179139,2.9828484008037184,6.940874721558602,2.737405857328744,2.604770765392902,5.903135450888762,5.492609193717707,7.30606245448726,5.263971295391543,3.712613473641554,3.5866304373812183,4.22386700260336,1.369802094976458,8.201661230027096,7.530120171554111,2.000521135380107,5.053136874750358,4.6682231689042855,3.578470774251752,3.499026651369939,2.6201782482802116,4.558265445299207,2.187269779976113,2.558853370953666,1.9329198541710741,5.376622460700366,5.141010638002406,4.383499381929168,5.59972518982493,1.3670335143106498,5.084909397667586,2.4691076313578724,4.38410722438569,4.107440922671028,4.294731610432984,2.925158143959753,2.3100193866204632,1.424875860136458,3.477616066087628,8.524307360729711,3.9190782770605863,1.7080201609024546,4.980555678444999,4.185069365885581
Durabuilt Hand Vacuum,3.3680840294174423,1.4798882464555594,1.8527856757921168,1.9745195491794156,4.201947768986119,0.9672797286076814,2.9052045460234686,2.8293852153617394,1.3243598570050101,3.6611853412933164,3.643705438976222,4.477521937819808,5.1270682010260575,2.6408718804808307,1.70558929526212,4.058143728520683,2.766957213438806,2.2948137128499866,3.4370710313786987,5.444615704874463,0.0,2.2818745228358814,3.0689561001153023,3.5166433594450592,1.5938256899900114,5.149048249164919,2.1427654188635503,3.5808999235247234,1.9976635414329407,3.928247403032798,3.409048636929012,1.5156947272767594,1.2119206215199119,3.263204334782014,3.9835170733885583,3.6569054829743166,4.358158106031515,1.6005918747221373,5.459548293827763,4.137645076882621,3.21136052548292,3.9787879158417745,2.1303662101150995,2.4423737635015805,2.9155644615652516,3.241180124917798,3.4009105561761332,2.4223571802733246,4.611084419744932,3.7803618084248276,6.21746844562033,1.3256046625928908,2.0504516419871592,1.7506369506425707,1.94193893434023,4.416693139767306,4.213708539354459,3.610733508221315,1.7746586183054676,2.1742290935959807,1.6744055990991407,2.9431840577759316,4.148461205508397,4.443312643536122,2.531538882882192,4.227145453026588,2.163653695792879,4.477521937819811,1.7817570739031516,4.456852606484015
Electric Can Opener,1.9369918684543592,2.5125891672452805,2.5708929709252035,1.842080393364705,2.471907770914582,2.191752140538534,1.5029590902216565,1.5732253904376332,1.5432418138501172,1.934258750057897,2.6752290447990092,3.03254235930161,3.726504645965063,0.9430611513173661,2.4850400724293635,2.364262658529095,2.4010847516953007,2.6716976961749728,1.9095183719396351,4.015761557173168,2.2818745228358814,0.0,2.1000612097870106,2.124286668137092,2.0855411296789548,3.9460127137575913,1.0715998398006705,1.905848593482663,3.6399678571878322,3.0839800242575506,1.8460214253938176,2.570372408364332,2.556967208955882,3.9499203828443905,2.910049879951795,2.0825354034779697,2.9026601752986703,1.3841834543316167,3.7990617047452386,4.656598285711103,4.005755859566131,2.556725341658961,1.6963096532848636,1.8644138878325613,2.180747739394456,1.977867245250628,1.8283426280878396,1.1671471779670837,2.959610161347301,2.836089655760684,4.696694841097973,2.0425154754836905,1.752526332833842,1.5432576596852603,2.1911873097851786,3.169226237593609,3.087696261555175,2.647421665499201,1.3237587226139553,1.0307687578042963,1.5413550084494743,1.7177879199620245,2.9804297033577725,3.1627540513239203,1.131595590811157,4.880879276820619,0.8471247506782886,3.032542359301612,1.974617080877221,3.0840833980502103
Electric Pencil Sharpener,3.25236328915864,3.7256350831992258,3.218930577143471,2.483225432972483,3.34594085346519,3.4095435411961335,3.0623520045882433,1.8325733838257048,2.3758541627464846,2.9515870467470386,3.9924583762802692,4.0757895967046,4.92033476081032,2.40665162186827,3.121322132288812,3.1244893162765037,1.9587465713269636,1.9187302304159648,3.22234998204467,5.15063309105327,3.0689561001153023,2.1000612097870106,0.0,3.542971344599415,3.3884120609905524,5.075448107722619,2.32263598169935,2.8945755756308613,4.325687531589345,4.694955577481425,3.313255835935773,3.25159859151103,3.6802829726148625,2.891635737502562,1.703150502296638,2.29234043931072,2.788282964172465,2.629303244299064,4.554703320855254,3.5802227668390354,3.1772017915464477,3.736972958513715,1.919024803746991,1.877182173643853,3.425362245102776,3.4335933707577264,3.2260282523802486,1.7337159927384693,3.710230261492629,4.361608503423649,5.215634187865876,3.2290449177459366,2.6671658118178097,3.036865146710695,2.8468114313336614,4.51576735918844,2.103246828320914,4.306683795083391,2.843682254009905,2.3558136958017792,2.659003845113875,3.3316150604732973,3.901290479712315,4.378370110368224,2.4595245820468628,3.874312772287281,2.3902671151084274,4.075789596704602,2.7079445674704252,2.905181628639792
Ertl Bumble Ball,1.477514878769055,3.2791990760142085,4.117415625970262,3.5755359850096444,1.8701088769635825,3.37573882312965,1.1736308128744246,3.062830092485007,2.859007063200838,1.553799309391641,1.0687083187073232,1.6923456002921013,2.114698975937353,1.5108912563346877,3.5359095435083163,1.9150895016272484,4.2351842125629355,4.228601999862799,1.5615539525620084,2.568265766649234,3.5166433594450592,2.124286668137092,3.542971344599415,0.0,2.6979688247439824,2.196829382037322,2.0334337281577706,1.6489763532666852,4.841159254496136,1.5573763483171246,0.9297004437417582,3.79827411157229,3.458486927772762,5.483709875937325,4.151239212869511,2.105149802202985,2.4561424164657284,2.3633617355978713,2.654242049935969,6.294866361779792,5.5643267470113384,1.0626610334293036,3.0843381499412774,2.7785792271870386,1.635413950849432,2.3674917629541916,1.1798002656002438,2.778418238086602,1.9179653678057424,1.341093208190333,3.441757418228815,3.355587575910509,3.510642507390375,2.283762090726769,3.9527247563309205,1.6407791174303477,3.7342983744395313,1.2401376025482653,2.4959711381247267,2.223969668523838,2.338731670412245,1.044951090593048,1.3829177484427462,1.3986707600018855,1.5448656905887237,6.526425155380349,1.8607285093042316,1.6923456002920994,2.9069159080462907,3.4046599900918677
F.Price Remote Control Car,2.905186409728929,1.2595262285937203,2.7242813655581783,2.576908877208572,3.786042166300411,1.6420992277650637,2.300879260725349,3.000854137459314,1.7301452071962717,3.166268510740666,2.762305282372533,3.9294177955887055,4.397553810262334,2.071185772190259,1.652115575515793,3.7026898217382938,3.327077785327155,3.1186893916867384,3.0215161552611223,4.8695012360512955,1.5938256899900114,2.0855411296789548,3.3884120609905524,2.6979688247439824,0.0,4.449509024519217,1.798718253555997,3.1251435430024355,2.5131289154244265,2.964140203034665,2.785801176756543,1.6865694131205913,1.3951925993807919,4.121237532184902,4.302170270373528,3.278003080921979,3.9739246185993546,1.555066267846894,5.0326637026150784,4.976450809846605,4.106026906892481,3.3374141303622173,2.142280684893182,2.350097694283868,2.0728016611281403,3.01497183169455,2.8185357669008138,2.4482165786787777,4.093806399447514,2.8882522047821677,5.776934330740856,1.2501567031071767,2.469842510600788,1.0423959923297064,2.6213524061418223,3.7450563601461533,4.2885943254935555,2.765992961309537,1.4092187680718065,1.9165102949556376,1.2393035167787994,2.199048760413687,3.4440148543596916,3.728437085054543,2.093126470347688,5.088500285564325,1.728101019612822,3.9294177955887064,1.5209928566984183,4.482907905459618
Fisher Price Bubble Mower,2.837693742059165,4.780573109845951,5.732084939529857,5.221420332305332,2.9632976534664897,4.936528318278495,2.858611594327449,4.759153355886845,4.560434800646861,3.1726503239229857,2.052365923758211,1.8224550507341035,1.0441548753757188,3.4835195340208185,5.290152114947005,3.079806402730921,6.0892759483755725,5.967647606775059,3.0029796988486823,1.3451459695853558,5.149048249164919,3.9460127137575913,5.075448107722619,2.196829382037322,4.449509024519217,0.0,3.774331056090521,3.0532191428569004,6.5646052215996065,2.2726318587905974,2.5851127605346975,5.545793164077684,5.096421330010954,7.123937158627591,5.42359205646256,3.4796243954572232,3.256249138110757,4.026093473423531,2.099328107001966,8.110073799487067,7.27736432516214,1.766741398169669,4.7307314109602565,4.4094151822414105,3.092929532062189,3.7862685255751773,2.7196356264967125,4.4450511669120205,2.402252559021028,2.0827498376349447,2.396037429776713,5.106418251696049,5.190691725946793,4.096133738404407,5.581432144085224,1.3934571626988628,4.980631072577761,2.0543231482694537,4.205758495214842,4.0215672063017225,4.0090569054320015,2.70636792782112,1.8206612870908856,1.1710003011715564,3.3227402979099128,8.355390191839277,3.7582662788684678,1.8224550507340995,4.602232494800081,4.413381008745453
Good Times Fishing Reel,1.9299874820983838,2.172779633850521,2.726375950724828,1.9123852490037312,2.7206835011214023,2.171971387467695,1.21098003548351,1.9773915453260862,1.5316800218853825,2.1303079217353704,2.444776227766195,3.0438859920763295,3.6736601240306848,1.0807294278649404,2.3737103991011255,2.577776051034698,2.8165077124193343,2.69991237789323,1.9946347299761489,4.004779254179139,2.1427654188635503,1.0715998398006705,2.32263598169935,2.0334337281577706,1.798718253555997,3.774331056090521,0.0,1.9549091349698187,3.513759396791208,2.9423935923361992,1.83477428427951,2.1883249329901098,2.4465131295131095,3.857799726093567,3.2132806024459866,1.9669463210387972,2.764071862108652,1.0416147027588079,3.8820573477612745,4.719247062591032,3.922342008330723,2.455480029880034,1.5076750376993036,1.919949921238679,2.0679183226430387,2.2565353892906255,1.7947710350604922,1.5636405252494083,3.060778898956709,2.7088650971296153,4.766429161045672,1.9148171278945636,2.1216246563476857,1.239570946629652,2.148688762029202,3.0400875752431205,3.005735360553608,2.487394710459042,1.1755232963851754,0.9677439248449146,1.0058344284245742,1.3880287266874405,2.7124123043516812,2.9831483265974237,0.8895653527661284,4.918655520824103,0.9764121062152489,3.0438859920763313,1.5390072522975304,3.2562121440743805
Green Eagle Putting Cup,1.3812544275190952,3.6426113415681325,3.7972972790207726,3.109144457509266,1.6461169101481838,3.4576797838360496,1.2513296607182318,2.4883437770594132,2.855795750922298,1.4796903992645376,2.1179041494920563,1.9221855675973425,2.7071083091402373,1.5209333859290093,3.696438622208281,1.2982055703378914,3.4773913061593174,3.71554905653031,1.4626634903385332,2.9828484008037184,3.5808999235247234,1.905848593482663,2.8945755756308613,1.6489763532666852,3.1251435430024355,3.0532191428569004,1.9549091349698187,0.0,5.018141280109871,2.941612989276034,1.1244309467908133,3.762826471667838,3.7109428182405164,4.755968812979104,3.249981213766337,1.8531145081735168,2.422013117889405,2.4539784300359635,2.6543584814209398,5.523168525881541,5.004849898102661,1.7270690283610293,2.7776965899163533,2.4462204106247145,2.222749010164075,2.3046665550638985,1.0142837507954003,2.33260680106289,1.617344989619488,2.5749156145703918,3.556572594148446,3.3405899375296264,3.036188231636417,2.6421100147274066,3.47987624929509,2.3224358441669053,2.9112115932876574,2.477414837104752,2.415134719443474,1.8293938079001022,2.482192910230534,1.4513933266083294,1.9279945518603367,2.1832455435594755,1.5790931782596964,5.876619115282217,1.999878602900404,1.922185567597343,2.7553820016259856,2.5177601653780006
Hair Dryer,4.852367484234147,2.353240730275786,2.795269318718274,3.230666466752942,5.5375422840662605,2.3932903491163775,4.321698177155679,4.193460001169075,2.922213484798034,5.006489990771358,4.896709991003264,5.886653659761312,6.557233918891599,3.9399799309855834,1.902495098708086,5.556802810555445,3.6772912697784284,3.343524233355487,4.904820874234765,6.940874721558602,1.9976635414329407,3.6399678571878322,4.325687531589345,4.841159254496136,2.5131289154244265,6.5646052215996065,3.513759396791208,5.018141280109871,0.0,4.98325233804052,4.7946111504175635,2.0064470611089646,1.7287342598422586,3.7273657685785473,5.06384483382574,4.951036303810087,5.624609103979035,3.0155384893716684,7.060603946361491,4.353706756439661,3.5816570867032174,5.335976171742773,3.1998438499244966,3.5910851359455083,3.987167501831041,4.549331068879776,4.832354771324599,3.6478146581398545,6.0581680767901736,4.9246156103773995,7.7106613391383165,2.2284373987698785,3.102170287290297,2.9880142325404995,2.9359288445905825,5.841250184964233,5.262143154337876,4.859782095805153,2.8898621842886287,3.462936476491141,2.9617177453376833,4.287575402785645,5.536150536393332,5.900448993971915,3.884774614181903,4.195653694086855,3.5299613808116335,5.886653659761315,2.657559361896938,5.724801268485482
Hamilton  Elec. Mixer,2.408257411589869,3.429143476908362,4.671776172515761,4.318496591343232,2.8381066704374143,3.59888742951904,2.2262078612978513,4.056790602060987,3.4383706133401084,2.6772594644579626,1.228025018127179,2.373953690047117,2.3985614237486574,2.5342079036080336,3.968162032288343,3.059359717275346,5.202933444913456,5.128084939794902,2.545861508781593,2.737405857328744,3.928247403032798,3.0839800242575506,4.694955577481425,1.5573763483171246,2.964140203034665,2.2726318587905974,2.9423935923361992,2.941612989276034,4.98325233804052,0.0,2.1325660214545703,4.343712327852076,3.6758423688976474,6.4174317612511125,5.1867122934517855,3.4065672588993183,3.6141133766308515,2.899276876562251,3.3469769248802694,7.280204115246173,6.502857795008836,1.899158679581773,3.999255783225936,3.6613377338320587,2.0307756896723808,2.871238976997438,2.3399087637252465,3.797773155664625,2.9562219621913055,0.6434600314366372,3.806144938117385,3.7635172317598795,4.093889898689527,2.7180025366795912,4.6553357402414335,1.8102031028300485,4.918281817735766,0.8970061858333864,3.017636217551499,3.066207227307924,2.884041766954967,1.9053866254997398,2.046504160166864,1.792900725203217,2.4616997063219936,7.474035128648031,2.6784037713927566,2.373953690047117,3.4987558410957598,4.4243409332405275
Horseman Swimming Toy,0.9896470689531238,3.3225899407123074,3.768232565993588,3.093697747071092,1.5449966501312513,3.205483544653753,0.8870878758006656,2.585078243861202,2.7510039083278057,1.1503463602378643,1.6160915850944375,1.5254303462976389,2.4440597554302204,1.378341282249608,3.5840511975592007,1.4639278311796078,3.8823505700129783,4.048359187570713,0.9126699432345916,2.604770765392902,3.409048636929012,1.8460214253938176,3.313255835935773,0.9297004437417582,2.785801176756543,2.5851127605346975,1.83477428427951,1.1244309467908133,4.7946111504175635,2.1325660214545703,0.0,3.6616258121870042,3.4017281591070323,5.231553228175194,3.753540190389191,2.0663244399037377,2.5934294525381283,2.256968242298431,2.5900825746036116,5.978803657650655,5.366809171514646,1.1084384793035804,2.999602741478696,2.7189118409127766,1.8469695865314408,1.8491235209273822,0.4082689030817563,2.533779965911841,1.7247148715931595,1.8844758799100536,3.549150143247477,3.248404462337326,3.1311332858385628,2.3245970748803026,3.5192003516168744,1.7171512617137392,3.514253291121232,1.6176221037913525,2.2636249551456906,1.8426720248222865,2.276800277896719,0.8803872027307361,1.8247343676258942,1.7228995879763254,1.3738009969446248,6.254751884350659,1.798305888796442,1.5254303462976389,2.850685107652206,2.9731471151804696
Hot Glue Gun 21,3.822585070296893,1.4797263575701087,2.310591326641128,2.2642362908524274,4.609549801169758,1.9530804789765617,3.1297814801434436,3.117218004370244,1.9783940303417593,3.95032870770923,4.03950750376841,4.892109078713728,5.452292992851837,2.8904627076542835,1.487673370451808,4.477480144640816,2.871029037394799,2.5116042521514417,3.8005875137614504,5.903135450888762,1.5156947272767594,2.570372408364332,3.25159859151103,3.79827411157229,1.6865694131205913,5.545793164077684,2.1883249329901098,3.762826471667838,2.0064470611089646,4.343712327852076,3.6616258121870042,0.0,1.5817291239321165,3.1201332072941526,4.285292921623906,3.660283113981455,4.485546417140071,2.0345908100425247,5.893429133820056,3.9142686596651286,2.946953120245632,4.347266578050267,1.8147672158772525,2.7464788580492234,3.2428088713012944,3.8317755736838297,3.6279539128351077,2.4054480931374793,4.9067335035368185,4.2121206303563765,6.769026190299904,1.262578557978994,2.5224799702610228,1.8898576376967635,1.9335018488869058,4.872308743876562,4.315338686420327,4.0412734461506545,1.9615806850792288,2.4337109344600543,1.876553991134004,3.116496108002457,4.450561551356952,4.80344583354333,2.8409456899176897,3.904274149406735,2.427118365954848,4.892109078713728,1.6495870798090435,4.911432251379047
Humidifier,3.545178513936402,1.4185384728407373,2.3584060803457936,2.6213579921812693,4.29245257919141,1.520508648851974,3.010796261347282,3.35513584808363,2.0344280347282435,3.787767551952841,3.528377635175769,4.433202011763832,5.096134680929865,2.7849797507454,1.3609907691415628,4.281848102482532,3.3490971667036176,3.110865187137071,3.57676299508486,5.492609193717707,1.2119206215199119,2.556967208955882,3.6802829726148625,3.458486927772762,1.3951925993807919,5.096421330010954,2.4465131295131095,3.7109428182405164,1.7287342598422586,3.6758423688976474,3.4017281591070323,1.5817291239321165,0.0,3.8867342992843428,4.4496536659053145,3.8766071727256386,4.558241655641922,1.986429591878099,5.664185640903407,4.694809564990595,3.8220418264122635,3.9389978095386113,2.470707817910376,2.7191288254494754,2.6105568672911574,3.443356745569372,3.466751353259189,2.7035715193370495,4.669958743945146,3.5528087066448792,6.359833379536898,1.523553304712556,2.4590400758493236,1.911737919985297,2.5156498389049924,4.417802786620479,4.618836961069675,3.4453440732630267,1.8265804173100761,2.4042695133818883,1.909564034108848,2.9154079266885256,4.167354381666309,4.459794167225405,2.7321431244986045,4.699262097157488,2.4049709600275846,4.433202011763834,1.8304590453161238,4.785293177402055
KRUPS Café Trio,5.189821818209179,4.111913946064889,3.4101294527378445,3.3496504154858164,5.539013366189812,3.8870131360816003,4.782785101600321,3.7044501808962407,3.4180088661844645,5.098226684092299,5.696779962855796,6.166467122581197,6.9444013653703,4.329977463163819,3.3216836775501744,5.276839166226483,2.5059917284112427,1.8682888620541693,5.177439714511029,7.30606245448726,3.263204334782014,3.9499203828443905,2.891635737502562,5.483709875937325,4.121237532184902,7.123937158627591,3.857799726093567,4.755968812979104,3.7273657685785473,6.4174317612511125,5.231553228175194,3.1201332072941526,3.8867342992843428,0.0,3.6099046563408623,4.393280920355797,4.986954479331658,3.779150145798497,6.8608694163878186,1.586341169750053,1.3554479435661884,5.80927219822783,2.8808977339986477,3.1642401328124565,4.906438915588301,5.244131697574232,5.107514544366836,3.353775989387056,5.823635181206602,6.1230647689218385,7.545086830358564,3.568587347402395,3.5813542263122926,4.127938775050449,3.1956485462299984,6.509439680143382,3.766991931089113,6.088905220723038,3.88184351149966,3.7949910267146385,3.743341895147321,4.972444221877215,5.731821946565287,6.365945882922049,4.27393423410433,1.8116545412059162,4.050244665263564,6.166467122581198,3.2357926075320878,4.87981943562202
Krups Cheese Grater,3.5083429477397527,4.721870202623764,3.87045071609578,3.0440822213808127,3.4282157026179023,4.149010268703369,3.672380310906839,2.392177047502086,3.3557409987042717,3.3296509261871985,4.438328469717227,4.121807943501947,5.3333776527761945,3.088995120274016,4.060520097953544,3.242413570590569,2.7021136243839643,3.0350059217338075,3.553770578133353,5.263971295391543,3.9835170733885583,2.910049879951795,1.703150502296638,4.151239212869511,4.302170270373528,5.42359205646256,3.2132806024459866,3.249981213766337,5.06384483382574,5.1867122934517855,3.753540190389191,4.285292921623906,4.4496536659053145,3.6099046563408623,0.0,3.110459095433233,3.284929766300495,3.3918976466600403,4.682872423267574,4.241954048202567,4.248284656996522,4.004652199483814,3.127858981328507,2.5530214113371614,3.8772397773920546,3.5399359079360955,3.6535556597737187,2.7929613381072516,3.880269778398503,4.762577798832244,4.996328183868784,4.162063832053706,3.013640685744527,4.010936222560514,3.520128295448909,4.7626039514792184,1.9444238573999248,4.779325485230793,3.4297618613275946,2.8763681725220938,3.436432768357232,3.942245520202577,4.349110482286622,4.792612654240269,3.0347977118857634,4.591379175585852,3.2953460016833267,4.121807943501952,3.4600969117929368,2.145295026988833
Mattel Bubble Extinguisher,2.4901905769068042,3.686931155366962,4.205045743063594,3.3790561458355817,2.0473469829965216,3.8439708129408983,2.041381869984916,2.404920324355129,2.8736705184214975,1.756481546088614,2.641960276909197,2.6581949355379257,3.2871509846094846,1.8780196007750933,3.4072074357273383,2.0885171447048103,3.543958161724879,3.454036860851178,2.1678607434965915,3.712613473641554,3.6569054829743166,2.0825354034779697,2.29234043931072,2.105149802202985,3.278003080921979,3.4796243954572232,1.9669463210387972,1.8531145081735168,4.951036303810087,3.4065672588993183,2.0663244399037377,3.660283113981455,3.8766071727256386,4.393280920355797,3.110459095433233,0.0,1.1374249820659161,2.625588951341168,3.107389278723983,5.106789338803385,4.5883350173945345,2.2987380409193277,2.355864423995416,2.116531973619998,2.4765533291362805,3.0886746129191605,2.0339637678686016,2.063352641559359,2.106230114596468,3.125342090893072,4.007557453606891,3.600402240199631,3.5735678808372042,2.7828706711249795,3.739131886656225,3.2219874587977753,2.5195918371686816,3.1057111988552295,2.8392242623959705,2.247475329015956,2.533701369421883,2.1952550126360766,2.335528242175829,2.8585223650543146,1.8162093774381458,5.349599289303675,2.021957651269733,2.658194935537921,2.852413863053141,2.9693342346074685
Metronome,2.898873542966495,4.426659892977674,4.949237076057121,4.16197223211664,2.270965544748084,4.573322636681174,2.6811680884786893,3.198867471587873,3.6126407821444975,2.285575139854765,2.7830023633318266,2.6046715770265436,3.243136910480099,2.5812152498430887,4.069902693142404,2.41103145546995,4.343769404611341,4.138658345633322,2.743072122417198,3.5866304373812183,4.358158106031515,2.9026601752986703,2.788282964172465,2.4561424164657284,3.9739246185993546,3.256249138110757,2.764071862108652,2.422013117889405,5.624609103979035,3.6141133766308515,2.5934294525381283,4.485546417140071,4.558241655641922,4.986954479331658,3.284929766300495,1.1374249820659161,0.0,3.3007373553730384,2.9661184109103917,5.804042468246087,5.286474627221459,2.3310428036504343,3.1155134774294786,2.597006708433977,2.808392632319833,3.647822877488343,2.6105986498476463,2.9014577141750357,2.1484289424396756,3.287558059290101,3.457526937784168,4.4357707370447805,4.322586544647481,3.575452937730099,4.569488932997997,3.273032711147466,2.513470223896467,3.3789536272221654,3.5661753606370694,3.010040969745395,3.18142143062842,2.808074309114289,2.3100477379396738,2.902373953318784,2.441180879662923,6.031709791183451,2.839922408847392,2.6046715770265387,3.5020736709988833,2.961883691126381
Mini Pro Hair Dryer,2.2481442104440243,1.6857140382931068,2.3786214622311466,1.8401860661060114,3.0641062919509583,1.4704361283090364,1.707553398798538,2.186029014694533,0.965124616431756,2.548979594555817,2.525411727957056,3.3206385685599695,3.9582526792420323,1.5276555342260771,2.0888910682611948,2.942535927092904,2.8201662721680165,2.5717397949464567,2.32415337647089,4.22386700260336,1.6005918747221373,1.3841834543316167,2.629303244299064,2.3633617355978713,1.555066267846894,4.026093473423531,1.0416147027588079,2.4539784300359635,3.0155384893716684,2.899276876562251,2.256968242298431,2.0345908100425247,1.986429591878099,3.779150145798497,3.3918976466600403,2.625588951341168,3.3007373553730384,0.0,4.216577163894373,4.7099317935783285,3.916262983164849,2.801564214945285,1.748313655048368,1.893661732645597,2.08751633875834,2.3210800651372265,2.2248402717983233,1.848607221166783,3.4457013978615847,2.6777694746046508,4.979955862401994,1.573778999833641,1.8311525065237877,0.9968667610722626,2.101301552623577,3.2578389618018275,3.419615007073024,2.5627139022168097,0.9671857971382536,1.211592895776223,0.6653866055697817,1.7433448213568454,2.937214933973373,3.2254947996702077,1.2022320521011436,4.8871095199505294,1.0495194960649552,3.320638568559972,1.3499853883172257,3.539630083170852
Moen Kitchen Water Faucet,2.7266555117348457,5.360524194489088,5.730871147429397,4.987455067323267,2.1998801411898494,5.20772474123362,3.0420190344425975,4.052033375393523,4.562251892865396,2.5980535451853273,2.8972234692980368,1.7978343041755551,1.8531014315370782,3.458664992329423,5.7351431503512496,2.1520288889306034,5.575189597238818,5.676081774698622,2.555493645649977,1.369802094976458,5.459548293827763,3.7990617047452386,4.554703320855254,2.654242049935969,5.0326637026150784,2.099328107001966,3.8820573477612745,2.6543584814209398,7.060603946361491,3.3469769248802694,2.5900825746036116,5.893429133820056,5.664185640903407,6.8608694163878186,4.682872423267574,3.107389278723983,2.9661184109103917,4.216577163894373,0.0,7.624085785372635,7.106226245809837,2.19405256210784,4.816378150143146,4.343694174460151,3.71878404966139,3.440570098199707,2.551489177753197,4.244760855299845,1.609266449379079,3.1019128161025797,1.740527865770283,5.428542997696938,5.022603472665576,4.428895174014768,5.503717241061012,2.1331860242979706,4.4650495970304656,3.0459287399416475,4.4633360106081446,3.9572674083744714,4.326280625734426,3.073125868547786,2.3218483767352516,1.870585352895211,3.342440819971196,7.988487997391242,3.745655043810818,1.7978343041755502,4.9568233877060575,3.6116895150007395
Mr. Coffee Coffee Maker-RBS,5.982933334053292,4.997742025721772,4.112568019138148,4.013869996844629,6.134282306308407,4.712569805997364,5.631105791351748,4.1209673995280545,4.2243406379839135,5.6688709433510605,6.64124977744526,6.994175768302578,7.873963066219151,5.064083567898188,4.122684334729419,5.895736829318876,2.759444244709803,2.5817946445846975,5.8185312670442135,8.201661230027096,4.137645076882621,4.656598285711103,3.5802227668390354,6.294866361779792,4.976450809846605,8.110073799487067,4.719247062591032,5.523168525881541,4.353706756439661,7.280204115246173,5.978803657650655,3.9142686596651286,4.694809564990595,1.586341169750053,4.241954048202567,5.106789338803385,5.804042468246087,4.7099317935783285,7.624085785372635,0.0,1.793501441391512,6.682878997567021,3.8612426562003583,4.093315118834769,5.800877607256864,5.823306102597513,5.8627761046241,4.107865397805544,6.554616437836398,7.0380610469571385,8.432714930814603,4.376388617561543,4.236741344182835,4.927571428327763,3.908023987667241,7.434959833036357,4.53275866507503,6.982188563281533,4.777426595977246,4.575785290954014,4.723757190632717,5.8319244570947575,6.6787008776936005,7.278565710151261,5.109603978636286,0.7965176515601292,4.788455110149758,6.994175768302579,4.265158531466225,5.519531705801223
Mr. Coffee Iced Tea Maker-RBS,5.378656752770324,4.014900157749849,3.2473448421497415,3.413812355151533,5.8452011833974415,3.902441590772253,4.8855901546893925,3.9358619063672946,3.4597517351004097,5.300660649002357,5.925334510193937,6.466895128487149,7.086735228434878,4.426573220792064,3.3375872113896046,5.585088897463137,2.5701748146166343,1.886604831579391,5.374918046013909,7.530120171554111,3.21136052548292,4.005755859566131,3.1772017915464477,5.5643267470113384,4.106026906892481,7.27736432516214,3.922342008330723,5.004849898102661,3.5816570867032174,6.502857795008836,5.366809171514646,2.946953120245632,3.8220418264122635,1.3554479435661884,4.248284656996522,4.5883350173945345,5.286474627221459,3.916262983164849,7.106226245809837,1.793501441391512,0.0,6.020495741325856,2.9227138097177257,3.664198367694388,5.185234262074423,5.434119656892016,5.2810704888971,3.426010391322895,6.153399219231658,6.27433219528733,7.916420465931987,3.475800723493061,3.7312424879889554,4.099462933232328,3.125850992290465,6.681286045362432,4.279035926872215,6.164839080841382,4.053686838802735,4.047583577353124,3.942226416547969,5.075319821774803,5.98472787510748,6.518142053678933,4.478004288014698,1.7551701883713988,4.123490281121983,6.466895128487149,3.4737891949466913,5.402843784327893
OverRider Toy Car,1.431864531903984,3.8700663289559736,4.469057184402354,3.826257165917085,1.5989256578121251,3.8208488027171423,1.5600108288749597,3.2998431824909713,3.3637339296810187,1.6648158625544773,1.2999044471166696,0.8726026384807651,1.935430228910926,2.0234248395492482,4.075487002523303,1.7610131667706204,4.652469433955785,4.673548993186143,1.597001889380146,2.000521135380107,3.9787879158417745,2.556725341658961,3.736972958513715,1.0626610334293036,3.3374141303622173,1.766741398169669,2.455480029880034,1.7270690283610293,5.335976171742773,1.899158679581773,1.1084384793035804,4.347266578050267,3.9389978095386113,5.80927219822783,4.004652199483814,2.2987380409193277,2.3310428036504343,2.801564214945285,2.19405256210784,6.682878997567021,6.020495741325856,0.0,3.539914167551447,3.064174344454092,1.914493936794463,2.398631985442884,1.312260210153752,3.1602600959388383,1.5564669341303776,1.5698017200548962,2.7644140051454933,3.955699704980479,3.8249281770002317,2.9845641680699173,4.268970765878242,1.158512636090097,3.6458142444644963,1.4617169718145469,2.888840299031802,2.5262747729855244,2.7701587150737623,1.4979975910958732,1.4044136299585872,1.2382371874167044,1.876269078951587,6.939609378515437,2.477268686447359,0.8726026384807662,3.347306191797481,3.025609971278636
Paint Sprayer,3.185180952788509,2.252493205049461,2.646854680128827,2.2500608049210773,3.666681419820964,2.496432039578509,2.4691670745199716,2.4363877326585546,1.748490357083216,3.132614488953807,3.4303219335827744,4.073606505560823,4.523098847119822,2.0692291051226244,1.83667929915493,3.5450746836893465,2.332900108334466,2.0172787519385005,3.2084749359630247,5.053136874750358,2.1303662101150995,1.6963096532848636,1.919024803746991,3.0843381499412774,2.142280684893182,4.7307314109602565,1.5076750376993036,2.7776965899163533,3.1998438499244966,3.999255783225936,2.999602741478696,1.8147672158772525,2.470707817910376,2.8808977339986477,3.127858981328507,2.355864423995416,3.1155134774294786,1.748313655048368,4.816378150143146,3.8612426562003583,2.9227138097177257,3.539914167551447,0.0,1.735306505285703,2.768176298214456,3.494088889135042,2.940089652707424,1.1255503920953114,3.855315438140793,3.728444251345691,5.612620872118633,1.870507722642263,2.3658056708851514,1.8949005011337525,2.1742022784057498,4.211723071187449,3.037385547198008,3.659153432743719,1.8095422933805658,1.899322010476251,1.6371368154308505,2.581658358771955,3.546308239129954,4.027510276640254,2.07476542835773,3.9829215671620855,1.7483233431192249,4.073606505560823,1.4281047917861855,3.8893217358098715
Pneumatic Air Ratchet,2.7860926719434276,2.859946756568709,3.274760584227018,2.699246191116193,2.8610925578713915,2.7513167889052643,2.4341207867013135,2.194776707615339,1.9614801005512108,2.568091506237009,2.846976333627695,3.4157583073505595,4.290602794432115,1.9068182226206614,2.1655331991734617,2.782188029893186,2.625630391548022,2.435154658367936,2.7416119849362985,4.6682231689042855,2.4423737635015805,1.8644138878325613,1.877182173643853,2.7785792271870386,2.350097694283868,4.4094151822414105,1.919949921238679,2.4462204106247145,3.5910851359455083,3.6613377338320587,2.7189118409127766,2.7464788580492234,2.7191288254494754,3.1642401328124565,2.5530214113371614,2.116531973619998,2.597006708433977,1.893661732645597,4.343694174460151,4.093315118834769,3.664198367694388,3.064174344454092,1.735306505285703,0.0,2.0229492478690507,3.0345702217181016,2.679546472079514,1.8002753961413112,3.175812567056204,3.3145347303471913,4.896776900473867,2.5672760330537914,2.5281925652750656,2.2568797033503567,3.0272325758539838,3.87943820634089,2.5469743932616753,3.42040349808259,2.0097926195178673,1.6488504619064017,1.7103835652980053,2.5606889216907325,3.0203306851708343,3.718732889873229,1.7758745460238128,4.342500459147861,1.7624490022528847,3.4157583073505604,1.6637897351015056,3.002155055780834
Portable Fan,2.153107417685942,2.745475676765076,3.920854772252915,3.4265397678884697,2.398186966049218,2.907181563199685,1.7879071016584398,3.075291583246948,2.6032051884982117,2.241827130336102,1.3707483863055987,2.320843169794407,3.1496843041608384,1.7680737103669535,2.629200810575527,2.552029728581683,4.026052700883667,3.9637303170861613,2.165530623675852,3.578470774251752,2.9155644615652516,2.180747739394456,3.425362245102776,1.635413950849432,2.0728016611281403,3.092929532062189,2.0679183226430387,2.222749010164075,3.987167501831041,2.0307756896723808,1.8469695865314408,3.2428088713012944,2.6105568672911574,4.906438915588301,3.8772397773920546,2.4765533291362805,2.808392632319833,2.08751633875834,3.71878404966139,5.800877607256864,5.185234262074423,1.914493936794463,2.768176298214456,2.0229492478690507,0.0,2.5899404121552956,2.012047662848795,2.678351258153498,2.6053574465725235,1.675924090940705,4.196428654103102,2.8649018072114383,3.1296561991895917,2.095844843122071,3.735870367496072,2.626832060528171,3.6818106259166705,1.8567617294492402,1.9908773490009775,1.8878820682662936,1.8399463152198845,1.625252263296079,2.0493910939425284,2.551516413914376,1.6027513355665142,5.98549891591433,1.8675739902477377,2.320843169794408,2.1486806010146116,3.456802127527813
Power Caulk 20,1.410707573128246,3.5411941547991885,3.453648083514594,2.5121372156401836,2.1265324226019753,2.828496925103874,1.8925259044659675,2.154783130495508,2.646503155890259,1.8780926214527363,2.680576800269175,2.599216239460585,3.7629131587761253,1.876643347889792,3.8527541757896704,1.9911754527897862,3.6095569358028743,4.003861008751838,1.3711121386045972,3.499026651369939,3.241180124917798,1.977867245250628,3.4335933707577264,2.3674917629541916,3.01497183169455,3.7862685255751773,2.2565353892906255,2.3046665550638985,4.549331068879776,2.871238976997438,1.8491235209273822,3.8317755736838297,3.443356745569372,5.244131697574232,3.5399359079360955,3.0886746129191605,3.647822877488343,2.3210800651372265,3.440570098199707,5.823306102597513,5.434119656892016,2.398631985442884,3.494088889135042,3.0345702217181016,2.5899404121552956,0.0,1.8544264811536517,3.003805901292658,2.946950019864931,2.6948048802097704,4.2523550769174205,3.1981424784120307,2.4237234949206776,2.577234606093692,3.1280306284074664,2.6755557256783655,3.8100228981678383,2.3766465627239777,2.256479157931779,1.779519460646505,2.5284151026113273,2.0893370036473367,3.181312259809818,3.0234326597583427,1.7901510970500372,6.126366256340473,2.1254171728955304,2.5992162394605915,3.1826295438578605,2.797623883813557
Presto Popcorn Popper,1.0032577591676057,3.323868445916867,3.6851978081581356,2.966448032254047,1.6083695384198458,3.1705117035584935,0.9206762107405813,2.428499218556778,2.691380990345793,1.1197277485852892,1.7715175860817574,1.6417778749563954,2.5113551980918203,1.430904617377124,3.642135799532786,1.4027546825540333,3.7805681051761915,3.954290211257575,0.8455350562139838,2.6201782482802116,3.4009105561761332,1.8283426280878396,3.2260282523802486,1.1798002656002438,2.8185357669008138,2.7196356264967125,1.7947710350604922,1.0142837507954003,4.832354771324599,2.3399087637252465,0.4082689030817563,3.6279539128351077,3.466751353259189,5.107514544366836,3.6535556597737187,2.0339637678686016,2.6105986498476463,2.2248402717983233,2.551489177753197,5.8627761046241,5.2810704888971,1.312260210153752,2.940089652707424,2.679546472079514,2.012047662848795,1.8544264811536517,0.0,2.4515455156917256,1.693850706084636,2.093918747644865,3.5873584252123605,3.221364745204955,3.0818484418116383,2.319831482461384,3.4107530591019954,1.8102546248143299,3.4775245335241443,1.8301501785464585,2.2388160511632673,1.7959964707707359,2.2326060372583245,0.9364178913067102,1.9073170338145244,1.8018749364350501,1.3903246664888724,6.169153784638558,1.7825154632087183,1.6417778749563952,2.8492241459875984,2.956539937774176
Presto Salad Shooter,2.8131661563712442,2.6150651454990257,2.547832847690573,2.112510833508016,3.0458037066703776,2.5576235832562078,2.2548746839759533,1.8514062274381473,1.7645999522805493,2.5107461528951744,3.29539185119445,3.582929575333988,4.147544052321692,1.7561791521562526,2.2884450800944367,2.969970589446693,2.154121106798186,2.2866277215881747,2.6662807844687286,4.558265445299207,2.4223571802733246,1.1671471779670837,1.7337159927384693,2.778418238086602,2.4482165786787777,4.4450511669120205,1.5636405252494083,2.33260680106289,3.6478146581398545,3.797773155664625,2.533779965911841,2.4054480931374793,2.7035715193370495,3.353775989387056,2.7929613381072516,2.063352641559359,2.9014577141750357,1.848607221166783,4.244760855299845,4.107865397805544,3.426010391322895,3.1602600959388383,1.1255503920953114,1.8002753961413112,2.678351258153498,3.003805901292658,2.4515455156917256,0.0,3.2819907444249807,3.5316311379794136,5.145021056387904,2.254156748724587,2.201866929261141,2.019282959364274,2.266152367885987,3.8543850913131097,3.0758027562603845,3.4373136928356525,1.8672355687547,1.7511824652760695,1.8858271685328074,2.357108141536125,3.3830076716560527,3.705527734701641,1.8790047685248124,4.31022755359592,1.473786525565003,3.582929575333987,2.0324521784023184,3.533302759171375
Push-n-Go Train 13,2.173774920587084,4.544253667055552,5.005386378270479,4.2894599925768055,1.227879930842403,4.482979378711401,2.296417090526983,3.2586189322833765,3.8059007076781945,1.6348938280066154,2.1925677136516852,1.1932234273982079,2.099050348962558,2.5662132746319473,4.6074157366575585,1.3203762012457543,4.6672787335775245,4.816246409646208,1.818069718415871,2.187269779976113,4.611084419744932,2.959610161347301,3.710230261492629,1.9179653678057424,4.093806399447514,2.402252559021028,3.060778898956709,1.617344989619488,6.0581680767901736,2.9562219621913055,1.7247148715931595,4.9067335035368185,4.669958743945146,5.823635181206602,3.880269778398503,2.106230114596468,2.1484289424396756,3.4457013978615847,1.609266449379079,6.554616437836398,6.153399219231658,1.5564669341303776,3.855315438140793,3.175812567056204,2.6053574465725235,2.946950019864931,1.693850706084636,3.2819907444249807,0.0,2.6341859325069086,2.5457135724890962,4.556760466639914,4.262516421254573,3.6236785483462017,4.7755258906738725,2.1699652058558216,3.6268893284014956,2.686370571514438,3.563806849444154,2.9882797958283494,3.4315766178230294,2.283598277208895,1.6923333280324746,1.837113184158501,2.484357294411885,6.90611730809788,2.8848012540360526,1.1932234273981988,3.9012366632114728,2.959753721568136
Radio Controlled Truck,2.1036778317587443,3.3798276916544303,4.514504863145647,4.106835420536854,2.566801155339459,3.4877825771250133,1.9552087116570196,3.821862131973248,3.2640027209813525,2.49111278776682,0.8660913432997065,2.015176190351962,2.2160802490018576,2.2756066174127776,3.8072794366843956,2.743830892430954,4.943332397937633,4.879708863953831,2.3187336190651124,2.558853370953666,3.7803618084248276,2.836089655760684,4.361608503423649,1.341093208190333,2.8882522047821677,2.0827498376349447,2.7088650971296153,2.5749156145703918,4.9246156103773995,0.6434600314366372,1.8844758799100536,4.2121206303563765,3.5528087066448792,6.1230647689218385,4.762577798832244,3.125342090893072,3.287558059290101,2.6777694746046508,3.1019128161025797,7.0380610469571385,6.27433219528733,1.5698017200548962,3.728444251345691,3.3145347303471913,1.675924090940705,2.6948048802097704,2.093918747644865,3.5316311379794136,2.6341859325069086,0.0,3.47553181480013,3.6297856998458977,3.8261175435799935,2.6271474321143353,4.450735158423318,1.6154138076510616,4.494669023532337,0.7683290254203624,2.770782208100829,2.775702414125757,2.6633221761806323,1.676172351747015,1.6815586876575759,1.5817321232151795,2.1581642943770842,7.242879392822087,2.4826969522830633,2.0151761903519634,3.2165321765098525,3.983259509826354
Real Power Tool Shop,3.476314756742777,6.216788956335976,6.518925914950322,5.869702889179662,2.9951842121132413,6.000562186345658,3.9541910681215238,5.02893780487481,5.389012518833391,3.5678505307518136,3.346351578106248,2.340470524962794,2.5267512485228325,4.23444513347134,6.398158124047383,3.0551936056893947,6.378284252599422,6.413280912798935,3.6343967810621334,1.9329198541710741,6.21746844562033,4.696694841097973,5.215634187865876,3.441757418228815,5.776934330740856,2.396037429776713,4.766429161045672,3.556572594148446,7.7106613391383165,3.806144938117385,3.549150143247477,6.769026190299904,6.359833379536898,7.545086830358564,4.996328183868784,4.007557453606891,3.457526937784168,4.979955862401994,1.740527865770283,8.432714930814603,7.916420465931987,2.7644140051454933,5.612620872118633,4.896776900473867,4.196428654103102,4.2523550769174205,3.5873584252123605,5.145021056387904,2.5457135724890962,3.47553181480013,0.0,6.270065754732096,5.740222007615247,5.314111717488865,6.40801887629287,2.66458166393559,4.729156955591149,3.6462883229955643,5.2102675649091745,4.754769737168536,5.058253750822284,3.978873326118002,2.8052474913833585,2.5799422161464007,4.101316984375869,8.78776150811013,4.658536859182824,2.340470524962795,5.573903924639766,3.7613216754750662
Regal Ware Electric Knife,3.275110293985822,1.272128571331569,2.094445939669522,2.0377037374329734,4.1923489434334575,1.2661943918974419,2.638977828788773,2.882679220162677,1.5548211322761574,3.6072159466256886,3.5313164006202107,4.4979505990180515,4.928896614289109,2.3871253811049873,1.7274049458788467,4.035918500651658,2.697137164844705,2.607640993042208,3.3923496650848923,5.376622460700366,1.3256046625928908,2.0425154754836905,3.2290449177459366,3.355587575910509,1.2501567031071767,5.106418251696049,1.9148171278945636,3.3405899375296264,2.2284373987698785,3.7635172317598795,3.248404462337326,1.262578557978994,1.523553304712556,3.568587347402395,4.162063832053706,3.600402240199631,4.4357707370447805,1.573778999833641,5.428542997696938,4.376388617561543,3.475800723493061,3.955699704980479,1.870507722642263,2.5672760330537914,2.8649018072114383,3.1981424784120307,3.221364745204955,2.254156748724587,4.556760466639914,3.6297856998458977,6.270065754732096,0.0,1.8280714844906083,1.3122506886757492,1.8008736405101844,4.326787055972631,4.2898334328762395,3.464815697261557,1.3395618409337549,1.9652103857509209,1.5791840197008553,2.660937509753,4.055099027291419,4.324680112959279,2.415834948261379,4.488750898423282,1.9365704853436747,4.497950599018053,1.4820460543482097,4.587173443964093
SKIL Power Screwdriver-RBS,2.8770845972195636,2.68950586358588,1.8947985409598151,1.399668232834062,3.6621208919367816,1.7815798419014008,2.6950454108305544,2.1342173945940273,1.7627990323014304,3.265250274844197,3.771640864112413,4.185663947261141,5.011817542200789,2.2233155850049857,2.6677208345776022,3.459794514872103,1.9738046482797909,2.4808545942101463,3.0319017787902145,5.141010638002406,2.0504516419871592,1.752526332833842,2.6671658118178097,3.510642507390375,2.469842510600788,5.190691725946793,2.1216246563476857,3.036188231636417,3.102170287290297,4.093889898689527,3.1311332858385628,2.5224799702610228,2.4590400758493236,3.5813542263122926,3.013640685744527,3.5735678808372042,4.322586544647481,1.8311525065237877,5.022603472665576,4.236741344182835,3.7312424879889554,3.8249281770002317,2.3658056708851514,2.5281925652750656,3.1296561991895917,2.4237234949206776,3.0818484418116383,2.201866929261141,4.262516421254573,3.8261175435799935,5.740222007615247,1.8280714844906083,0.0,2.208361103198092,1.5650403368638588,4.238577169049622,3.6319693790435994,3.6750765662999174,1.5843234552636412,1.662212220148938,2.12302195120384,2.882165107858366,4.179018440303344,4.3828859044307205,2.251998305172372,4.473920485601442,2.075681920645625,4.185663947261147,2.1429455592442186,3.501233301222409
Salon Series 795 Hair Dryer,2.487441543199374,1.3548510292178022,2.6653299825848507,2.2723165427589445,3.2994036609374744,1.588512098321851,1.7893040131574427,2.48330898532313,1.2770089869808792,2.6593300032624403,2.524181108908699,3.5591378399145754,3.9462397573366443,1.5862141571273969,1.9955079005967624,3.1961144838899416,3.051145272501003,2.875805379214704,2.491555738462725,4.383499381929168,1.7506369506425707,1.5432576596852603,3.036865146710695,2.283762090726769,1.0423959923297064,4.096133738404407,1.239570946629652,2.6421100147274066,2.9880142325404995,2.7180025366795912,2.3245970748803026,1.8898576376967635,1.911737919985297,4.127938775050449,4.010936222560514,2.7828706711249795,3.575452937730099,0.9968667610722626,4.428895174014768,4.927571428327763,4.099462933232328,2.9845641680699173,1.8949005011337525,2.2568797033503567,2.095844843122071,2.577234606093692,2.319831482461384,2.019282959364274,3.6236785483462017,2.6271474321143353,5.314111717488865,1.3122506886757492,2.208361103198092,0.0,2.400043685918208,3.3721499922542932,3.9754974815821726,2.481498781268747,1.17888747745953,1.5455678760139278,0.9765763361296955,1.7167338999865194,3.0387417474000484,3.2676549152565166,1.5500615581686472,5.090349793609162,1.0160375103862704,3.559137839914576,1.5567651244730947,4.131733982218435
Salton Sandwich Maker,3.3670790337909087,2.563220740710514,1.4676245803591212,0.8860775101383929,4.328340418489868,1.9206162696654017,2.9836356399945148,2.4569274205043836,2.0402251873256105,3.74504229623576,4.3282684858267535,4.727979531633094,5.440258231917256,2.782986893652546,2.773264771687893,4.07658317508457,2.2415309998494584,2.379510985388475,3.4712163699622196,5.59972518982493,1.94193893434023,2.1911873097851786,2.8468114313336614,3.9527247563309205,2.6213524061418223,5.581432144085224,2.148688762029202,3.47987624929509,2.9359288445905825,4.6553357402414335,3.5192003516168744,1.9335018488869058,2.5156498389049924,3.1956485462299984,3.520128295448909,3.739131886656225,4.569488932997997,2.101301552623577,5.503717241061012,3.908023987667241,3.125850992290465,4.268970765878242,2.1742022784057498,3.0272325758539838,3.735870367496072,3.1280306284074664,3.4107530591019954,2.266152367885987,4.7755258906738725,4.450735158423318,6.40801887629287,1.8008736405101844,1.5650403368638588,2.400043685918208,0.0,4.669020160355347,3.9073004194135486,4.1409440981646135,1.9078512397196115,2.159843007057747,2.269584753868349,3.174787501874301,4.6797195871867165,4.808595634181829,2.7382324208740934,4.056392845552957,2.5292848892316777,4.727979531633098,2.344489380333154,4.177289730790695
Small Projectile Toy,1.7356870112988583,4.196381852451965,4.786901711859107,4.247797628122351,2.375482162322136,4.075023002481867,2.017879174518548,3.9269863904795392,3.814221715370726,2.40375851876296,1.6056394644166965,1.388965934110253,1.5914246223620738,2.673730686261408,4.764479979027227,2.3586289328742045,5.26555021472782,5.2846639594941065,2.1150561597980126,1.3670335143106498,4.416693139767306,3.169226237593609,4.51576735918844,1.6407791174303477,3.7450563601461533,1.3934571626988628,3.0400875752431205,2.3224358441669053,5.841250184964233,1.8102031028300485,1.7171512617137392,4.872308743876562,4.417802786620479,6.509439680143382,4.7626039514792184,3.2219874587977753,3.273032711147466,3.2578389618018275,2.1331860242979706,7.434959833036357,6.681286045362432,1.158512636090097,4.211723071187449,3.87943820634089,2.626832060528171,2.6755557256783655,1.8102546248143299,3.8543850913131097,2.1699652058558216,1.6154138076510616,2.66458166393559,4.326787055972631,4.238577169049622,3.3721499922542932,4.669020160355347,0.0,4.494618294692539,1.357765733099888,3.353398407718559,3.148249345468796,3.2860134803051086,1.8996817403771329,1.7786430139899652,0.9123893384110999,2.54907242858845,7.725756361030263,3.0578310284911976,1.388965934110256,3.9523557414503605,3.705396686931593
Stamp Machine 17,3.3275333451078413,4.807384849782601,4.41373703508195,3.571922459709365,3.2810062128319903,4.522683787641687,3.309930504950136,3.039515251120133,3.658333233913747,3.247089869069146,4.016317253949004,3.9098148354256295,4.941459718450503,2.9446519713183643,4.101810664171726,3.091687624079347,3.323189804144484,3.2738714455373374,3.5266102075411814,5.084909397667586,4.213708539354459,3.087696261555175,2.103246828320914,3.7342983744395313,4.2885943254935555,4.980631072577761,3.005735360553608,2.9112115932876574,5.262143154337876,4.918281817735766,3.514253291121232,4.315338686420327,4.618836961069675,3.766991931089113,1.9444238573999248,2.5195918371686816,2.513470223896467,3.419615007073024,4.4650495970304656,4.53275866507503,4.279035926872215,3.6458142444644963,3.037385547198008,2.5469743932616753,3.6818106259166705,3.8100228981678383,3.4775245335241443,3.0758027562603845,3.6268893284014956,4.494669023532337,4.729156955591149,4.2898334328762395,3.6319693790435994,3.9754974815821726,3.9073004194135486,4.494618294692539,0.0,4.533786808981574,3.525115778277735,2.894365283970972,3.4133659133063334,3.6560466518023187,3.7595832538579823,4.399806486024656,2.8517342780032844,4.8112720268134925,3.335973285910265,3.909814835425633,3.253247148347034,1.9618717595361381
Stanley Electric Stapler,1.781552442306797,3.242254023604159,4.274976243791954,3.801326830563614,2.5773325572404135,3.2841033386727947,1.6509903832289685,3.643018622502394,3.1557030103159276,2.388902611030617,1.1498745482689958,1.991512341928583,2.2368655856849253,2.1769103535026684,3.845986806335658,2.6612542609315097,4.858267993220736,4.827128176493509,2.0388548293156834,2.4691076313578724,3.610733508221315,2.647421665499201,4.306683795083391,1.2401376025482653,2.765992961309537,2.0543231482694537,2.487394710459042,2.477414837104752,4.859782095805153,0.8970061858333864,1.6176221037913525,4.0412734461506545,3.4453440732630267,6.088905220723038,4.779325485230793,3.1057111988552295,3.3789536272221654,2.5627139022168097,3.0459287399416475,6.982188563281533,6.164839080841382,1.4617169718145469,3.659153432743719,3.42040349808259,1.8567617294492402,2.3766465627239777,1.8301501785464585,3.4373136928356525,2.686370571514438,0.7683290254203624,3.6462883229955643,3.464815697261557,3.6750765662999174,2.481498781268747,4.1409440981646135,1.357765733099888,4.533786808981574,0.0,2.6144081258962397,2.620927424585982,2.566150835625028,1.4195553733690498,1.9399345912353827,1.5476651219739397,2.061656153214964,7.184634679457448,2.38931119598404,1.9915123419285852,3.236303564812175,3.9749158418621966
Super Maxx Ball Shooter-RBS,2.256532086491255,1.8211425100560128,2.3689756191567217,1.8052329743780027,3.1594443358713282,1.5633195239672042,1.702156984193429,2.3265777262073706,1.5684100447225118,2.6753294281474456,2.6482444072318576,3.399883590079136,4.089645409225108,1.546668393137908,2.0341089818727673,3.0607470956283627,2.830070066981329,2.892794158316085,2.414922267309627,4.38410722438569,1.7746586183054676,1.3237587226139553,2.843682254009905,2.4959711381247267,1.4092187680718065,4.205758495214842,1.1755232963851754,2.415134719443474,2.8898621842886287,3.017636217551499,2.2636249551456906,1.9615806850792288,1.8265804173100761,3.88184351149966,3.4297618613275946,2.8392242623959705,3.5661753606370694,0.9671857971382536,4.4633360106081446,4.777426595977246,4.053686838802735,2.888840299031802,1.8095422933805658,2.0097926195178673,1.9908773490009775,2.256479157931779,2.2388160511632673,1.8672355687547,3.563806849444154,2.770782208100829,5.2102675649091745,1.3395618409337549,1.5843234552636412,1.17888747745953,1.9078512397196115,3.353398407718559,3.525115778277735,2.6144081258962397,0.0,0.9629666316795,0.9224902552306341,1.7595130427310153,3.2024410573831568,3.4477697716199907,1.392549253021677,4.950009355924052,1.3295708861922941,3.39988359007914,1.2431236738570657,3.5690870645095676
Tactical Nerf Toy Gun,1.7698659523612308,2.4665209809714415,2.708168175922169,1.7955800951875605,2.455659203752309,2.0971313160817138,1.3826788704085726,1.710076476174217,1.6577735883856233,2.0137221630015123,2.490157632897127,2.957553554016906,3.896851855022451,1.0788205884771311,2.430172748758691,2.301075244309217,2.586736640340872,2.7622521530777977,1.8136843171268515,4.107440922671028,2.1742290935959807,1.0307687578042963,2.3558136958017792,2.223969668523838,1.9165102949556376,4.0215672063017225,0.9677439248449146,1.8293938079001022,3.462936476491141,3.066207227307924,1.8426720248222865,2.4337109344600543,2.4042695133818883,3.7949910267146385,2.8763681725220938,2.247475329015956,3.010040969745395,1.211592895776223,3.9572674083744714,4.575785290954014,4.047583577353124,2.5262747729855244,1.899322010476251,1.6488504619064017,1.8878820682662936,1.779519460646505,1.7959964707707359,1.7511824652760695,2.9882797958283494,2.775702414125757,4.754769737168536,1.9652103857509209,1.662212220148938,1.5455678760139278,2.159843007057747,3.148249345468796,2.894365283970972,2.620927424585982,0.9629666316795,0.0,1.2116651421620712,1.6091681117563266,2.8796986001330214,3.2053111105333723,0.8977133250770667,4.835326840924122,1.1350445222007852,2.9575535540169096,1.5462187625322652,2.799211722996641
Takka-1000 Pasta Machine,2.3319257169950687,1.6139668516612382,2.6262512901130886,2.049145153332277,3.133943139952092,1.6903123770221815,1.7378146288276692,2.310108670141298,1.2630011378249457,2.572632368057106,2.4193812538989756,3.3189958826174797,3.9727388948711293,1.5653422107032564,1.9053826597884302,3.0245944746913804,2.99550084981127,2.7121225406080884,2.4060804985704247,4.294731610432984,1.6744055990991407,1.5413550084494743,2.659003845113875,2.338731670412245,1.2393035167787994,4.0090569054320015,1.0058344284245742,2.482192910230534,2.9617177453376833,2.884041766954967,2.276800277896719,1.876553991134004,1.909564034108848,3.743341895147321,3.436432768357232,2.533701369421883,3.18142143062842,0.6653866055697817,4.326280625734426,4.723757190632717,3.942226416547969,2.7701587150737623,1.6371368154308505,1.7103835652980053,1.8399463152198845,2.5284151026113273,2.2326060372583245,1.8858271685328074,3.4315766178230294,2.6633221761806323,5.058253750822284,1.5791840197008553,2.12302195120384,0.9765763361296955,2.269584753868349,3.2860134803051086,3.4133659133063334,2.566150835625028,0.9224902552306341,1.2116651421620712,0.0,1.7194691675995126,2.8886035279790376,3.2463308610597754,1.2519812439451559,4.894679805550007,1.160603946560111,3.3189958826174815,1.1278695658132691,3.642013401723714
Tape Rewinder 22,1.3452239850013346,2.6407618377156985,3.4672646223516814,2.888817228377495,2.18256117049441,2.7153032575569505,0.5480629843918088,2.7147402172567405,2.357544177848514,1.7401002407953428,1.4349659823889085,2.071884702307599,2.5567061958440784,1.271235794703299,3.1119587502662354,2.1169019958447777,3.7964347177422533,3.8063957396448123,1.4522008669646072,2.925158143959753,2.9431840577759316,1.7177879199620245,3.3316150604732973,1.044951090593048,2.199048760413687,2.70636792782112,1.3880287266874405,1.4513933266083294,4.287575402785645,1.9053866254997398,0.8803872027307361,3.116496108002457,2.9154079266885256,4.972444221877215,3.942245520202577,2.1952550126360766,2.808074309114289,1.7433448213568454,3.073125868547786,5.8319244570947575,5.075319821774803,1.4979975910958732,2.581658358771955,2.5606889216907325,1.625252263296079,2.0893370036473367,0.9364178913067102,2.357108141536125,2.283598277208895,1.676172351747015,3.978873326118002,2.660937509753,2.882165107858366,1.7167338999865194,3.174787501874301,1.8996817403771329,3.6560466518023187,1.4195553733690498,1.7595130427310153,1.6091681117563266,1.7194691675995126,0.0,1.807432850565661,1.8365838463890014,1.1415022390312162,6.072987001341458,1.4745100188697182,2.0718847023075995,2.2978869481105306,3.4081032219800877
Toy Solar Car,2.1557587914080902,3.8708031156349616,4.852366311725305,4.31357450827184,2.1542312141585223,4.051492468067738,1.9473010419238734,3.705069811393783,3.437883408271631,2.2383261159220678,1.1204385878050216,1.6461921644634203,1.7354028723530184,2.3569555179441566,4.115839225369682,2.1674252323053653,4.813099854667835,4.631767870690796,2.259870677875319,2.3100193866204632,4.148461205508397,2.9804297033577725,3.901290479712315,1.3829177484427462,3.4440148543596916,1.8206612870908856,2.7124123043516812,1.9279945518603367,5.536150536393332,2.046504160166864,1.8247343676258942,4.450561551356952,4.167354381666309,5.731821946565287,4.349110482286622,2.335528242175829,2.3100477379396738,2.937214933973373,2.3218483767352516,6.6787008776936005,5.98472787510748,1.4044136299585872,3.546308239129954,3.0203306851708343,2.0493910939425284,3.181312259809818,1.9073170338145244,3.3830076716560527,1.6923333280324746,1.6815586876575759,2.8052474913833585,4.055099027291419,4.179018440303344,3.0387417474000484,4.6797195871867165,1.7786430139899652,3.7595832538579823,1.9399345912353827,3.2024410573831568,2.8796986001330214,2.8886035279790376,1.807432850565661,0.0,1.1413046354441592,2.18224158414221,6.963346691778503,2.62208470680977,1.646192164463416,3.290903908242222,3.4830846311508963
Upright Vacuum Cleaner,2.0143453644829945,4.108033516824973,4.933552999487813,4.413066900684124,2.304580976165401,4.182609148127768,2.018274299115233,3.9078581746814933,3.7249808044799027,2.3112296065470073,1.4178485177122404,1.4403458772657103,1.1104101360925398,2.6177332378965303,4.640574063236558,2.2904658677833356,5.197282855984862,5.1261287478658355,2.1640376010086615,1.424875860136458,4.443312643536122,3.1627540513239203,4.378370110368224,1.3986707600018855,3.728437085054543,1.1710003011715564,2.9831483265974237,2.1832455435594755,5.900448993971915,1.792900725203217,1.7228995879763254,4.80344583354333,4.459794167225405,6.365945882922049,4.792612654240269,2.8585223650543146,2.902373953318784,3.2254947996702077,1.870585352895211,7.278565710151261,6.518142053678933,1.2382371874167044,4.027510276640254,3.718732889873229,2.551516413914376,3.0234326597583427,1.8018749364350501,3.705527734701641,1.837113184158501,1.5817321232151795,2.5799422161464007,4.324680112959279,4.3828859044307205,3.2676549152565166,4.808595634181829,0.9123893384110999,4.399806486024656,1.5476651219739397,3.4477697716199907,3.2053111105333723,3.2463308610597754,1.8365838463890014,1.1413046354441592,0.0,2.5034748369942625,7.567992303653776,2.904136557202287,1.4403458772657063,3.860292195711561,3.842812168237246
Wagner Paint Roller,1.4263802930612612,2.6036328441488497,3.1343540822507547,2.3253608022777836,2.0236755542955644,2.444909672921621,0.9700221444438732,1.9624572487152792,1.7764694096393427,1.5835679548818231,1.8764350453658705,2.4020269776722016,3.248578838928712,0.719627345730471,2.6881402120349542,1.9536628024965739,3.078127524016969,3.0715331990201937,1.4865367277323092,3.477616066087628,2.531538882882192,1.131595590811157,2.4595245820468628,1.5448656905887237,2.093126470347688,3.3227402979099128,0.8895653527661284,1.5790931782596964,3.884774614181903,2.4616997063219936,1.3738009969446248,2.8409456899176897,2.7321431244986045,4.27393423410433,3.0347977118857634,1.8162093774381458,2.441180879662923,1.2022320521011436,3.342440819971196,5.109603978636286,4.478004288014698,1.876269078951587,2.07476542835773,1.7758745460238128,1.6027513355665142,1.7901510970500372,1.3903246664888724,1.8790047685248124,2.484357294411885,2.1581642943770842,4.101316984375869,2.415834948261379,2.251998305172372,1.5500615581686472,2.7382324208740934,2.54907242858845,2.8517342780032844,2.061656153214964,1.392549253021677,0.8977133250770667,1.2519812439451559,1.1415022390312162,2.18224158414221,2.5034748369942625,0.0,5.3486921360329,0.9225784234121385,2.402026977672204,1.840351039752484,2.744558727947574
West Bend Iced Tea Maker-RBS,6.30022867495114,5.044056138495253,4.272152245875783,4.243037374787695,6.47018283072542,4.869394130633346,5.886454961448651,4.470552678793057,4.432579268890515,5.993227370195081,6.88613541292343,7.293196067603266,8.158507508468528,5.3173292253205435,4.081305947715986,6.283997754111999,3.117660788803851,2.8512877176078506,6.132906685208238,8.524307360729711,4.227145453026588,4.880879276820619,3.874312772287281,6.526425155380349,5.088500285564325,8.355390191839277,4.918655520824103,5.876619115282217,4.195653694086855,7.474035128648031,6.254751884350659,3.904274149406735,4.699262097157488,1.8116545412059162,4.591379175585852,5.349599289303675,6.031709791183451,4.8871095199505294,7.988487997391242,0.7965176515601292,1.7551701883713988,6.939609378515437,3.9829215671620855,4.342500459147861,5.98549891591433,6.126366256340473,6.169153784638558,4.31022755359592,6.90611730809788,7.242879392822087,8.78776150811013,4.488750898423282,4.473920485601442,5.090349793609162,4.056392845552957,7.725756361030263,4.8112720268134925,7.184634679457448,4.950009355924052,4.835326840924122,4.894679805550007,6.072987001341458,6.963346691778503,7.567992303653776,5.3486921360329,0.0,5.006885026073717,7.293196067603267,4.398697620125499,5.8954223818300395
West Bend Mixer,2.0204532322637414,2.1134323774504695,2.8245756130050323,2.1875232035195067,2.483920470499788,2.0679418474655047,1.4336431163776453,1.7970245157155837,1.2533292454874274,1.8831283046596736,2.2948473885386873,2.973007032042579,3.552756078131414,0.9175410182449982,2.275325267127063,2.4073840938541893,2.712420596222524,2.722790291701698,1.8641017237068844,3.9190782770605863,2.163653695792879,0.8471247506782886,2.3902671151084274,1.8607285093042316,1.728101019612822,3.7582662788684678,0.9764121062152489,1.999878602900404,3.5299613808116335,2.6784037713927566,1.798305888796442,2.427118365954848,2.4049709600275846,4.050244665263564,3.2953460016833267,2.021957651269733,2.839922408847392,1.0495194960649552,3.745655043810818,4.788455110149758,4.123490281121983,2.477268686447359,1.7483233431192249,1.7624490022528847,1.8675739902477377,2.1254171728955304,1.7825154632087183,1.473786525565003,2.8848012540360526,2.4826969522830633,4.658536859182824,1.9365704853436747,2.075681920645625,1.0160375103862704,2.5292848892316777,3.0578310284911976,3.335973285910265,2.38931119598404,1.3295708861922941,1.1350445222007852,1.160603946560111,1.4745100188697182,2.62208470680977,2.904136557202287,0.9225784234121385,5.006885026073717,0.0,2.973007032042579,1.7728018599571147,3.393682139558152
WestBend Food Processor,1.7909854032816472,4.409246126722217,4.91673378066549,4.230912899613176,1.48114841666855,4.279003365915016,2.1369498655893633,3.5250610288704376,3.8241796119225246,1.8704698278554688,1.7739834083611634,1.47020941219798e-14,1.9548778922603516,2.574970826584663,4.604122090545762,1.6425417981445434,4.984969220141772,5.091351567875941,1.7202797457281545,1.7080201609024546,4.477521937819811,3.032542359301612,4.075789596704602,1.6923456002920994,3.9294177955887064,1.8224550507340995,3.0438859920763313,1.922185567597343,5.886653659761315,2.373953690047117,1.5254303462976389,4.892109078713728,4.433202011763834,6.166467122581198,4.121807943501952,2.658194935537921,2.6046715770265387,3.320638568559972,1.7978343041755502,6.994175768302579,6.466895128487149,0.8726026384807662,4.073606505560823,3.4157583073505604,2.320843169794408,2.5992162394605915,1.6417778749563952,3.582929575333987,1.1932234273981988,2.0151761903519634,2.340470524962795,4.497950599018053,4.185663947261147,3.559137839914576,4.727979531633098,1.388965934110256,3.909814835425633,1.9915123419285852,3.39988359007914,2.9575535540169096,3.3189958826174815,2.0718847023075995,1.646192164463416,1.4403458772657063,2.402026977672204,7.293196067603267,2.973007032042579,0.0,3.8725607769102153,2.982521367054267
Wet/Dry Vacuum,2.9287359785407823,1.8533939104542207,2.712834022145478,2.385276152505778,3.609157133042715,2.0474445073001837,2.2701640948936057,2.7967020322372136,1.7350531321233398,3.171112294064621,2.9330991336731707,3.872560776910213,4.507930191470686,1.9885604595711779,1.4696748140852347,3.514061949668607,2.7804503620806322,2.4787346699856996,3.092704343100188,4.980555678444999,1.7817570739031516,1.974617080877221,2.7079445674704252,2.9069159080462907,1.5209928566984183,4.602232494800081,1.5390072522975304,2.7553820016259856,2.657559361896938,3.4987558410957598,2.850685107652206,1.6495870798090435,1.8304590453161238,3.2357926075320878,3.4600969117929368,2.852413863053141,3.5020736709988833,1.3499853883172257,4.9568233877060575,4.265158531466225,3.4737891949466913,3.347306191797481,1.4281047917861855,1.6637897351015056,2.1486806010146116,3.1826295438578605,2.8492241459875984,2.0324521784023184,3.9012366632114728,3.2165321765098525,5.573903924639766,1.4820460543482097,2.1429455592442186,1.5567651244730947,2.344489380333154,3.9523557414503605,3.253247148347034,3.236303564812175,1.2431236738570657,1.5462187625322652,1.1278695658132691,2.2978869481105306,3.290903908242222,3.860292195711561,1.840351039752484,4.398697620125499,1.7728018599571147,3.8725607769102153,0.0,3.7793904830091556
bicycle brake 18,2.528922281323263,5.0927416616216465,4.54861975859506,3.6028077073676843,2.3763530634012073,4.476827056103723,3.0642925822844616,2.870471498785278,3.8282084997730514,2.6652160802880442,3.616443723608883,2.982521367054259,4.437963578874996,2.8485743311916463,4.689258946059311,2.1246016343865373,3.772983714932174,4.080694051469015,2.7479003424715644,4.185069365885581,4.456852606484015,3.0840833980502103,2.905181628639792,3.4046599900918677,4.482907905459618,4.413381008745453,3.2562121440743805,2.5177601653780006,5.724801268485482,4.4243409332405275,2.9731471151804696,4.911432251379047,4.785293177402055,4.87981943562202,2.145295026988833,2.9693342346074685,2.961883691126381,3.539630083170852,3.6116895150007395,5.519531705801223,5.402843784327893,3.025609971278636,3.8893217358098715,3.002155055780834,3.456802127527813,2.797623883813557,2.956539937774176,3.533302759171375,2.959753721568136,3.983259509826354,3.7613216754750662,4.587173443964093,3.501233301222409,4.131733982218435,4.177289730790695,3.705396686931593,1.9618717595361381,3.9749158418621966,3.5690870645095676,2.799211722996641,3.642013401723714,3.4081032219800877,3.4830846311508963,3.842812168237246,2.744558727947574,5.8954223818300395,3.393682139558152,2.982521367054267,3.7793904830091556,0.0
