,Perpetuum FSH/C,Enocean Eco 100,Clarkson U prototype,Michigan U PFIG,U Texas prototype Induc Vib,Seiko Kinetic watch,AA battery harvester,Socket,Kinetic flashlight,MIDE Voiture,Bistable buckling harvester,Heel-impact shoe harvester,Innowattech road/rail,Piezo backpack straps,U Texas prototype Piezo Vib,WindTamer,Leviathan,Enviro Engergies,Four Seasons,Humdinger Wind Belt,Michigan U piezo flag,Nova Energy tuna turbine,Columbia Power Manta buoy,Wing Wave Generator,Solar heat engine w/ mirrors,Tracking system,Inflatable mat,Big Belly trash compactor,Transparent film on window,Seiko Solar watch,Seiko Thermic watch,Enocean ECT 310 Perpetuum,Micropelt TE-power probe,Micropelt TE-power ring,Micropelt STM-PEM,Solar powered Sterling engine,Solar/wind streetlamp,Kinesis wind/solar,Hymini wind/solar/crank,74 Chevy Tailgate Support-RBS,Air Compressor 22,B&D Cordless Screwdriver,B&D Elec. Polisher,B&D Weed Trimmer,Battery Op. Toothbrush,Bissel Hand Vacuum,Black & Decker Elec. Knife,Black & Decker Sander,Braun Hand Blender,Bubble Machine,Bumble Ball Toy,Cadillac Slide-Out Visor-RBS,Corvette Vac 23,Crossfire Game,Dazey Fruit & Veg. Stripper-RBS,De walt sander,Dremel Electric Engraver-RBS,Durabuilt Hand Vacuum,Electric Can Opener,Electric Pencil Sharpener,Ertl Bumble Ball,F.Price Remote Control Car,Fisher Price Bubble Mower,Green Eagle Putting Cup,Hair Dryer,Hamilton  Elec. Mixer,Horseman Swimming Toy,Hot Glue Gun 21,Humidifier,Krups Cheese Grater,Mattel Bubble Extinguisher,Mini Pro Hair Dryer,Moen Kitchen Water Faucet,Mr. Coffee Coffee Maker-RBS,Mr. Coffee Iced Tea Maker-RBS,OverRider Toy Car,Paint Sprayer,Pneumatic Air Ratchet,Portable Fan,Power Caulk 20,Presto Popcorn Popper,Presto Salad Shooter,Radio Controlled Truck,Real Power Tool Shop,Regal Ware Electric Knife,SKIL Power Screwdriver-RBS,Salon Series 795 Hair Dryer,Salton Sandwich Maker,Stamp Machine 17,Super Maxx Ball Shooter-RBS,Takka-1000 Pasta Machine,Tape Rewinder 22,Toy Solar Car,Upright Vacuum Cleaner,Wagner Paint Roller,West Bend Iced Tea Maker-RBS,West Bend Mixer,WestBend Food Processor,Wet/Dry Vacuum,bicycle brake 18
Perpetuum FSH/C,0.0,41.0,37.0,36.0,51.0,134.0,81.0,90.0,110.0,36.0,24.0,87.0,42.0,72.0,65.0,94.0,72.0,81.0,68.0,30.0,44.0,104.0,75.0,64.0,94.0,108.0,124.0,172.0,54.0,134.0,176.0,80.0,89.0,78.0,67.0,74.0,114.0,161.0,180.0,65.0,65.0,68.0,58.0,56.0,65.0,62.0,56.0,58.0,61.0,65.0,61.0,62.0,64.0,60.0,57.0,58.0,55.0,66.0,58.0,57.0,59.0,70.0,64.0,55.0,73.0,61.0,63.0,62.0,70.0,56.0,66.0,67.0,63.0,67.0,67.0,62.0,68.0,67.0,63.0,60.0,59.0,55.0,61.0,54.0,61.0,66.0,67.0,59.0,61.0,67.0,61.0,58.0,58.0,59.0,67.0,68.0,60.0,53.0,62.0,61.0
Enocean Eco 100,41.0,0.0,68.0,65.0,82.0,101.0,92.0,75.0,77.0,77.0,63.0,50.0,73.0,65.0,96.0,75.0,75.0,74.0,81.0,59.0,77.0,87.0,74.0,67.0,101.0,115.0,123.0,147.0,55.0,105.0,147.0,95.0,96.0,85.0,74.0,87.0,127.0,144.0,161.0,78.0,84.0,85.0,75.0,75.0,82.0,81.0,75.0,79.0,80.0,84.0,84.0,81.0,77.0,77.0,74.0,79.0,74.0,85.0,71.0,78.0,84.0,89.0,85.0,74.0,92.0,80.0,80.0,77.0,89.0,75.0,87.0,86.0,84.0,90.0,90.0,83.0,87.0,90.0,86.0,75.0,82.0,76.0,80.0,77.0,78.0,83.0,86.0,76.0,78.0,84.0,84.0,73.0,81.0,82.0,84.0,91.0,83.0,76.0,83.0,76.0
Clarkson U prototype,37.0,68.0,0.0,49.0,14.0,125.0,58.0,117.0,111.0,43.0,61.0,108.0,73.0,103.0,28.0,101.0,79.0,108.0,95.0,55.0,51.0,121.0,112.0,91.0,83.0,97.0,137.0,161.0,91.0,131.0,165.0,109.0,110.0,99.0,88.0,81.0,97.0,134.0,151.0,100.0,98.0,97.0,89.0,89.0,96.0,95.0,91.0,93.0,92.0,102.0,96.0,97.0,97.0,95.0,88.0,91.0,88.0,99.0,91.0,90.0,92.0,97.0,101.0,88.0,104.0,92.0,98.0,97.0,103.0,89.0,103.0,98.0,98.0,100.0,100.0,91.0,103.0,102.0,96.0,93.0,96.0,90.0,90.0,89.0,94.0,95.0,98.0,92.0,94.0,104.0,92.0,93.0,95.0,94.0,102.0,101.0,93.0,88.0,97.0,96.0
Michigan U PFIG,36.0,65.0,49.0,0.0,39.0,142.0,69.0,74.0,118.0,50.0,28.0,95.0,48.0,78.0,41.0,108.0,96.0,85.0,72.0,42.0,68.0,98.0,83.0,68.0,102.0,108.0,132.0,172.0,70.0,146.0,182.0,88.0,97.0,86.0,75.0,98.0,118.0,155.0,174.0,87.0,85.0,84.0,80.0,76.0,85.0,82.0,78.0,82.0,85.0,89.0,83.0,84.0,84.0,78.0,79.0,80.0,77.0,84.0,80.0,75.0,81.0,92.0,88.0,77.0,95.0,85.0,85.0,82.0,92.0,72.0,90.0,89.0,87.0,89.0,91.0,84.0,90.0,91.0,87.0,80.0,81.0,79.0,85.0,74.0,83.0,80.0,91.0,81.0,79.0,89.0,85.0,82.0,80.0,81.0,91.0,90.0,82.0,77.0,80.0,81.0
U Texas prototype Induc Vib,51.0,82.0,14.0,39.0,0.0,119.0,44.0,111.0,105.0,33.0,55.0,122.0,75.0,105.0,14.0,115.0,93.0,102.0,89.0,69.0,65.0,135.0,110.0,105.0,77.0,91.0,131.0,155.0,105.0,129.0,163.0,107.0,124.0,113.0,102.0,95.0,87.0,124.0,141.0,114.0,110.0,107.0,103.0,101.0,108.0,107.0,105.0,107.0,106.0,116.0,108.0,111.0,109.0,105.0,102.0,103.0,102.0,107.0,105.0,102.0,104.0,109.0,115.0,102.0,118.0,106.0,110.0,109.0,115.0,97.0,117.0,112.0,112.0,112.0,112.0,105.0,117.0,116.0,110.0,103.0,108.0,102.0,104.0,101.0,108.0,103.0,112.0,104.0,106.0,116.0,106.0,107.0,109.0,106.0,116.0,113.0,107.0,102.0,107.0,110.0
Seiko Kinetic watch,134.0,101.0,125.0,142.0,119.0,0.0,97.0,86.0,24.0,128.0,140.0,105.0,158.0,84.0,123.0,120.0,120.0,117.0,128.0,152.0,152.0,154.0,111.0,144.0,106.0,120.0,140.0,94.0,144.0,48.0,90.0,176.0,189.0,160.0,167.0,134.0,126.0,75.0,104.0,141.0,147.0,140.0,140.0,142.0,139.0,142.0,144.0,146.0,135.0,145.0,137.0,142.0,146.0,142.0,139.0,146.0,143.0,144.0,142.0,147.0,143.0,132.0,142.0,143.0,145.0,139.0,135.0,148.0,148.0,144.0,152.0,143.0,145.0,155.0,153.0,142.0,148.0,143.0,143.0,138.0,147.0,143.0,139.0,144.0,141.0,138.0,139.0,143.0,153.0,149.0,143.0,138.0,140.0,141.0,141.0,154.0,140.0,145.0,148.0,145.0
AA battery harvester,81.0,92.0,58.0,69.0,44.0,97.0,0.0,91.0,73.0,75.0,85.0,96.0,105.0,95.0,44.0,145.0,123.0,132.0,119.0,99.0,95.0,165.0,140.0,135.0,107.0,121.0,161.0,129.0,135.0,107.0,137.0,137.0,154.0,143.0,132.0,113.0,117.0,98.0,111.0,138.0,140.0,135.0,129.0,127.0,134.0,129.0,131.0,131.0,134.0,144.0,138.0,137.0,131.0,131.0,130.0,127.0,128.0,133.0,131.0,130.0,136.0,135.0,141.0,134.0,146.0,136.0,138.0,135.0,145.0,123.0,145.0,140.0,136.0,140.0,140.0,137.0,145.0,142.0,136.0,133.0,136.0,130.0,134.0,131.0,136.0,131.0,140.0,132.0,134.0,138.0,134.0,133.0,139.0,132.0,142.0,139.0,133.0,130.0,135.0,138.0
Socket,90.0,75.0,117.0,74.0,111.0,86.0,91.0,0.0,62.0,104.0,82.0,61.0,96.0,56.0,105.0,118.0,124.0,93.0,100.0,98.0,120.0,118.0,83.0,96.0,128.0,134.0,112.0,118.0,84.0,92.0,134.0,130.0,139.0,128.0,117.0,126.0,146.0,129.0,158.0,93.0,103.0,102.0,96.0,92.0,99.0,92.0,96.0,98.0,99.0,105.0,101.0,94.0,92.0,92.0,95.0,94.0,93.0,96.0,92.0,91.0,103.0,104.0,102.0,91.0,107.0,101.0,97.0,92.0,106.0,90.0,104.0,103.0,99.0,105.0,107.0,102.0,104.0,109.0,99.0,92.0,97.0,97.0,101.0,96.0,97.0,98.0,105.0,91.0,95.0,95.0,99.0,92.0,96.0,95.0,101.0,104.0,96.0,95.0,96.0,89.0
Kinetic flashlight,110.0,77.0,111.0,118.0,105.0,24.0,73.0,62.0,0.0,112.0,116.0,81.0,134.0,60.0,109.0,118.0,118.0,117.0,128.0,128.0,128.0,150.0,87.0,136.0,120.0,134.0,126.0,114.0,120.0,38.0,80.0,152.0,165.0,154.0,143.0,130.0,140.0,97.0,126.0,121.0,129.0,126.0,120.0,120.0,123.0,120.0,124.0,126.0,117.0,127.0,121.0,122.0,122.0,124.0,125.0,126.0,119.0,124.0,120.0,125.0,125.0,116.0,124.0,121.0,129.0,121.0,117.0,124.0,126.0,122.0,130.0,123.0,121.0,133.0,131.0,124.0,126.0,129.0,121.0,118.0,127.0,123.0,119.0,122.0,125.0,124.0,123.0,121.0,129.0,125.0,125.0,116.0,122.0,121.0,121.0,132.0,122.0,123.0,126.0,121.0
MIDE Voiture,36.0,77.0,43.0,50.0,33.0,128.0,75.0,104.0,112.0,0.0,22.0,105.0,48.0,78.0,47.0,112.0,90.0,101.0,88.0,64.0,44.0,138.0,95.0,96.0,64.0,78.0,98.0,142.0,72.0,112.0,154.0,82.0,107.0,96.0,85.0,92.0,102.0,149.0,168.0,83.0,81.0,80.0,74.0,72.0,79.0,78.0,74.0,76.0,75.0,83.0,77.0,80.0,80.0,74.0,73.0,72.0,73.0,76.0,76.0,73.0,73.0,78.0,82.0,69.0,87.0,75.0,79.0,78.0,84.0,68.0,84.0,81.0,79.0,81.0,81.0,76.0,84.0,83.0,79.0,70.0,75.0,71.0,73.0,70.0,79.0,76.0,81.0,73.0,77.0,83.0,75.0,76.0,76.0,75.0,85.0,82.0,76.0,71.0,76.0,79.0
Bistable buckling harvester,24.0,63.0,61.0,28.0,55.0,140.0,85.0,82.0,116.0,22.0,0.0,91.0,26.0,56.0,69.0,116.0,94.0,87.0,74.0,42.0,50.0,116.0,73.0,74.0,82.0,96.0,112.0,160.0,50.0,124.0,166.0,68.0,85.0,74.0,63.0,96.0,120.0,165.0,186.0,61.0,59.0,60.0,54.0,50.0,59.0,56.0,52.0,54.0,57.0,61.0,55.0,58.0,58.0,52.0,55.0,52.0,51.0,56.0,54.0,51.0,53.0,64.0,60.0,51.0,69.0,57.0,57.0,56.0,64.0,46.0,62.0,63.0,59.0,61.0,63.0,58.0,64.0,63.0,59.0,52.0,53.0,51.0,57.0,48.0,57.0,56.0,63.0,53.0,55.0,61.0,57.0,56.0,54.0,53.0,63.0,62.0,56.0,49.0,54.0,57.0
Heel-impact shoe harvester,87.0,50.0,108.0,95.0,122.0,105.0,96.0,61.0,81.0,105.0,91.0,0.0,101.0,65.0,120.0,105.0,117.0,112.0,121.0,105.0,105.0,105.0,110.0,105.0,121.0,127.0,121.0,113.0,73.0,89.0,119.0,115.0,116.0,105.0,94.0,127.0,167.0,136.0,153.0,100.0,110.0,109.0,97.0,99.0,108.0,103.0,99.0,103.0,106.0,110.0,110.0,103.0,101.0,103.0,98.0,101.0,98.0,109.0,97.0,100.0,112.0,113.0,109.0,98.0,116.0,106.0,106.0,103.0,113.0,101.0,113.0,110.0,108.0,114.0,114.0,111.0,111.0,114.0,108.0,103.0,108.0,100.0,106.0,103.0,104.0,107.0,112.0,100.0,102.0,104.0,108.0,97.0,105.0,106.0,108.0,113.0,105.0,102.0,107.0,92.0
Innowattech road/rail,42.0,73.0,73.0,48.0,75.0,158.0,105.0,96.0,134.0,48.0,26.0,101.0,0.0,74.0,89.0,126.0,104.0,109.0,96.0,54.0,62.0,126.0,93.0,80.0,100.0,114.0,126.0,182.0,56.0,142.0,184.0,90.0,95.0,84.0,73.0,110.0,142.0,179.0,204.0,45.0,43.0,42.0,38.0,34.0,41.0,40.0,36.0,38.0,41.0,47.0,41.0,42.0,42.0,36.0,39.0,36.0,35.0,40.0,38.0,35.0,39.0,48.0,46.0,35.0,53.0,43.0,43.0,40.0,50.0,30.0,48.0,49.0,45.0,47.0,49.0,40.0,50.0,49.0,43.0,38.0,39.0,37.0,41.0,34.0,39.0,40.0,49.0,39.0,39.0,47.0,43.0,40.0,44.0,39.0,49.0,48.0,40.0,35.0,40.0,43.0
Piezo backpack straps,72.0,65.0,103.0,78.0,105.0,84.0,95.0,56.0,60.0,78.0,56.0,65.0,74.0,0.0,119.0,130.0,108.0,111.0,98.0,84.0,92.0,130.0,71.0,92.0,106.0,120.0,126.0,140.0,72.0,68.0,110.0,98.0,105.0,94.0,83.0,122.0,150.0,127.0,156.0,67.0,75.0,70.0,68.0,64.0,69.0,64.0,68.0,68.0,63.0,71.0,67.0,64.0,70.0,66.0,71.0,70.0,65.0,70.0,68.0,69.0,69.0,70.0,68.0,67.0,75.0,69.0,65.0,70.0,74.0,64.0,72.0,69.0,63.0,77.0,77.0,68.0,72.0,75.0,69.0,66.0,67.0,71.0,69.0,64.0,71.0,68.0,69.0,69.0,75.0,71.0,71.0,66.0,64.0,63.0,69.0,76.0,68.0,67.0,70.0,71.0
U Texas prototype Piezo Vib,65.0,96.0,28.0,41.0,14.0,123.0,44.0,105.0,109.0,47.0,69.0,120.0,89.0,119.0,0.0,117.0,107.0,116.0,103.0,83.0,79.0,139.0,124.0,109.0,81.0,85.0,125.0,149.0,111.0,135.0,169.0,121.0,138.0,127.0,116.0,97.0,89.0,126.0,143.0,128.0,124.0,121.0,115.0,115.0,122.0,119.0,117.0,121.0,120.0,130.0,122.0,125.0,121.0,119.0,114.0,115.0,116.0,119.0,119.0,114.0,118.0,123.0,127.0,114.0,130.0,120.0,124.0,123.0,129.0,111.0,131.0,124.0,126.0,124.0,124.0,119.0,129.0,128.0,122.0,117.0,122.0,116.0,118.0,113.0,122.0,117.0,126.0,118.0,118.0,128.0,118.0,121.0,121.0,120.0,130.0,125.0,117.0,114.0,119.0,122.0
WindTamer,94.0,75.0,101.0,108.0,115.0,120.0,145.0,118.0,118.0,112.0,116.0,105.0,126.0,130.0,117.0,0.0,22.0,49.0,58.0,76.0,70.0,92.0,117.0,90.0,110.0,112.0,96.0,152.0,98.0,148.0,146.0,108.0,109.0,78.0,87.0,60.0,100.0,119.0,130.0,123.0,125.0,132.0,128.0,126.0,129.0,128.0,124.0,130.0,129.0,127.0,127.0,126.0,130.0,126.0,119.0,130.0,129.0,132.0,124.0,123.0,133.0,128.0,132.0,121.0,129.0,127.0,127.0,132.0,134.0,128.0,134.0,127.0,137.0,143.0,143.0,128.0,134.0,123.0,125.0,126.0,127.0,123.0,127.0,126.0,123.0,132.0,131.0,129.0,131.0,129.0,131.0,124.0,122.0,129.0,133.0,144.0,128.0,127.0,126.0,123.0
Leviathan,72.0,75.0,79.0,96.0,93.0,120.0,123.0,124.0,118.0,90.0,94.0,117.0,104.0,108.0,107.0,22.0,0.0,49.0,36.0,54.0,48.0,106.0,113.0,80.0,88.0,102.0,108.0,166.0,100.0,148.0,146.0,86.0,87.0,56.0,65.0,38.0,78.0,97.0,108.0,111.0,107.0,114.0,110.0,106.0,109.0,106.0,106.0,108.0,109.0,109.0,109.0,110.0,112.0,106.0,101.0,108.0,111.0,114.0,108.0,105.0,113.0,110.0,112.0,107.0,111.0,109.0,111.0,114.0,118.0,106.0,114.0,109.0,115.0,121.0,121.0,108.0,118.0,103.0,105.0,110.0,105.0,105.0,109.0,106.0,105.0,112.0,111.0,113.0,113.0,113.0,109.0,108.0,104.0,107.0,117.0,122.0,108.0,105.0,108.0,113.0
Enviro Engergies,81.0,74.0,108.0,85.0,102.0,117.0,132.0,93.0,117.0,101.0,87.0,112.0,109.0,111.0,116.0,49.0,49.0,0.0,13.0,63.0,77.0,107.0,94.0,101.0,109.0,123.0,103.0,151.0,105.0,149.0,143.0,83.0,108.0,79.0,86.0,67.0,75.0,112.0,125.0,116.0,110.0,119.0,117.0,113.0,118.0,113.0,115.0,117.0,120.0,116.0,114.0,117.0,115.0,109.0,110.0,115.0,116.0,117.0,113.0,110.0,120.0,123.0,123.0,116.0,122.0,118.0,114.0,115.0,123.0,109.0,121.0,122.0,126.0,128.0,128.0,119.0,127.0,114.0,116.0,111.0,112.0,110.0,120.0,113.0,110.0,115.0,122.0,114.0,116.0,114.0,120.0,111.0,111.0,114.0,122.0,129.0,119.0,114.0,113.0,112.0
Four Seasons,68.0,81.0,95.0,72.0,89.0,128.0,119.0,100.0,128.0,88.0,74.0,121.0,96.0,98.0,103.0,58.0,36.0,13.0,0.0,50.0,64.0,114.0,101.0,88.0,96.0,110.0,110.0,164.0,104.0,160.0,154.0,70.0,95.0,66.0,73.0,54.0,62.0,99.0,112.0,107.0,99.0,106.0,106.0,100.0,105.0,100.0,102.0,104.0,107.0,105.0,103.0,106.0,106.0,98.0,99.0,102.0,107.0,104.0,104.0,99.0,107.0,112.0,110.0,105.0,111.0,107.0,105.0,108.0,114.0,96.0,110.0,109.0,113.0,115.0,115.0,106.0,116.0,101.0,105.0,104.0,99.0,99.0,109.0,100.0,101.0,102.0,109.0,107.0,107.0,105.0,107.0,104.0,100.0,101.0,113.0,116.0,106.0,101.0,100.0,109.0
Humdinger Wind Belt,30.0,59.0,55.0,42.0,69.0,152.0,99.0,98.0,128.0,64.0,42.0,105.0,54.0,84.0,83.0,76.0,54.0,63.0,50.0,0.0,26.0,112.0,93.0,72.0,112.0,126.0,126.0,190.0,72.0,152.0,162.0,74.0,63.0,52.0,41.0,56.0,96.0,147.0,162.0,81.0,75.0,84.0,76.0,72.0,81.0,72.0,74.0,74.0,79.0,79.0,79.0,78.0,76.0,76.0,75.0,74.0,73.0,80.0,74.0,73.0,77.0,88.0,82.0,73.0,83.0,79.0,81.0,78.0,84.0,72.0,80.0,79.0,81.0,85.0,87.0,78.0,86.0,77.0,75.0,78.0,73.0,75.0,79.0,72.0,77.0,82.0,81.0,77.0,77.0,79.0,79.0,76.0,76.0,75.0,85.0,86.0,78.0,71.0,74.0,79.0
Michigan U piezo flag,44.0,77.0,51.0,68.0,65.0,152.0,95.0,120.0,128.0,44.0,50.0,105.0,62.0,92.0,79.0,70.0,48.0,77.0,64.0,26.0,0.0,138.0,115.0,96.0,92.0,106.0,108.0,170.0,80.0,136.0,142.0,70.0,71.0,60.0,49.0,50.0,90.0,141.0,156.0,89.0,83.0,92.0,84.0,80.0,87.0,80.0,82.0,82.0,85.0,87.0,87.0,86.0,84.0,84.0,81.0,82.0,81.0,88.0,82.0,81.0,85.0,88.0,90.0,79.0,89.0,85.0,89.0,86.0,92.0,80.0,88.0,85.0,87.0,93.0,93.0,84.0,92.0,83.0,81.0,84.0,81.0,81.0,83.0,80.0,85.0,90.0,87.0,85.0,85.0,87.0,85.0,82.0,84.0,83.0,93.0,94.0,84.0,79.0,82.0,87.0
Nova Energy tuna turbine,104.0,87.0,121.0,98.0,135.0,154.0,165.0,118.0,150.0,138.0,116.0,105.0,126.0,130.0,139.0,92.0,106.0,107.0,114.0,112.0,138.0,0.0,81.0,50.0,122.0,124.0,148.0,166.0,82.0,158.0,190.0,128.0,75.0,86.0,97.0,114.0,154.0,185.0,178.0,123.0,131.0,128.0,126.0,126.0,127.0,134.0,124.0,128.0,131.0,127.0,127.0,126.0,128.0,126.0,121.0,130.0,127.0,136.0,124.0,121.0,131.0,134.0,128.0,123.0,137.0,129.0,125.0,124.0,134.0,128.0,130.0,133.0,133.0,125.0,129.0,128.0,122.0,133.0,135.0,126.0,127.0,123.0,131.0,126.0,119.0,130.0,133.0,123.0,123.0,137.0,129.0,126.0,120.0,131.0,125.0,126.0,130.0,127.0,130.0,121.0
Columbia Power Manta buoy,75.0,74.0,112.0,83.0,110.0,111.0,140.0,83.0,87.0,95.0,73.0,110.0,93.0,71.0,124.0,117.0,113.0,94.0,101.0,93.0,115.0,81.0,0.0,73.0,129.0,143.0,123.0,187.0,77.0,117.0,159.0,115.0,96.0,117.0,106.0,131.0,155.0,176.0,205.0,84.0,90.0,89.0,85.0,83.0,86.0,87.0,87.0,91.0,82.0,80.0,80.0,83.0,89.0,85.0,90.0,93.0,82.0,89.0,83.0,86.0,84.0,87.0,81.0,80.0,96.0,84.0,78.0,83.0,85.0,85.0,81.0,88.0,82.0,84.0,86.0,85.0,77.0,92.0,86.0,79.0,86.0,86.0,86.0,81.0,88.0,87.0,88.0,84.0,82.0,90.0,88.0,79.0,79.0,84.0,78.0,85.0,87.0,82.0,85.0,82.0
Wing Wave Generator,64.0,67.0,91.0,68.0,105.0,144.0,135.0,96.0,136.0,96.0,74.0,105.0,80.0,92.0,109.0,90.0,80.0,101.0,88.0,72.0,96.0,50.0,73.0,0.0,102.0,106.0,142.0,180.0,64.0,160.0,202.0,114.0,71.0,78.0,85.0,94.0,134.0,171.0,188.0,83.0,87.0,84.0,84.0,78.0,79.0,84.0,78.0,84.0,83.0,83.0,81.0,82.0,84.0,80.0,75.0,84.0,83.0,90.0,80.0,75.0,85.0,90.0,82.0,79.0,93.0,83.0,81.0,82.0,92.0,80.0,82.0,89.0,83.0,79.0,83.0,80.0,78.0,85.0,87.0,82.0,81.0,81.0,85.0,78.0,75.0,84.0,89.0,85.0,79.0,93.0,81.0,82.0,74.0,81.0,81.0,80.0,80.0,77.0,84.0,87.0
Solar heat engine w/ mirrors,94.0,101.0,83.0,102.0,77.0,106.0,107.0,128.0,120.0,64.0,82.0,121.0,100.0,106.0,81.0,110.0,88.0,109.0,96.0,112.0,92.0,122.0,129.0,102.0,0.0,14.0,94.0,92.0,90.0,90.0,132.0,90.0,111.0,80.0,89.0,68.0,52.0,119.0,104.0,117.0,113.0,106.0,108.0,106.0,107.0,110.0,108.0,108.0,109.0,117.0,109.0,116.0,112.0,106.0,101.0,104.0,113.0,108.0,110.0,103.0,107.0,106.0,112.0,109.0,113.0,109.0,111.0,112.0,120.0,102.0,122.0,115.0,119.0,111.0,111.0,106.0,120.0,111.0,113.0,108.0,109.0,103.0,109.0,106.0,105.0,104.0,109.0,105.0,113.0,121.0,105.0,112.0,106.0,109.0,119.0,112.0,106.0,105.0,110.0,119.0
Tracking system,108.0,115.0,97.0,108.0,91.0,120.0,121.0,134.0,134.0,78.0,96.0,127.0,114.0,120.0,85.0,112.0,102.0,123.0,110.0,126.0,106.0,124.0,143.0,106.0,14.0,0.0,96.0,78.0,94.0,104.0,146.0,94.0,125.0,94.0,103.0,82.0,66.0,133.0,118.0,129.0,127.0,118.0,122.0,120.0,121.0,124.0,120.0,122.0,123.0,131.0,123.0,128.0,126.0,120.0,113.0,118.0,127.0,122.0,124.0,115.0,121.0,120.0,126.0,121.0,123.0,123.0,125.0,124.0,132.0,116.0,136.0,125.0,133.0,125.0,125.0,118.0,132.0,125.0,127.0,122.0,121.0,117.0,123.0,118.0,119.0,118.0,121.0,117.0,127.0,135.0,119.0,126.0,118.0,123.0,133.0,126.0,118.0,119.0,122.0,131.0
Inflatable mat,124.0,123.0,137.0,132.0,131.0,140.0,161.0,112.0,126.0,98.0,112.0,121.0,126.0,126.0,125.0,96.0,108.0,103.0,110.0,126.0,108.0,148.0,123.0,142.0,94.0,96.0,0.0,134.0,90.0,98.0,88.0,84.0,127.0,116.0,105.0,108.0,100.0,131.0,134.0,129.0,125.0,130.0,126.0,126.0,131.0,126.0,128.0,130.0,127.0,133.0,129.0,130.0,124.0,128.0,127.0,126.0,127.0,120.0,126.0,123.0,127.0,126.0,130.0,115.0,123.0,127.0,127.0,122.0,124.0,126.0,134.0,121.0,133.0,127.0,127.0,128.0,130.0,129.0,121.0,122.0,123.0,123.0,127.0,126.0,131.0,128.0,125.0,115.0,127.0,121.0,125.0,124.0,124.0,127.0,133.0,128.0,126.0,125.0,118.0,125.0
Big Belly trash compactor,172.0,147.0,161.0,172.0,155.0,94.0,129.0,118.0,114.0,142.0,160.0,113.0,182.0,140.0,149.0,152.0,166.0,151.0,164.0,190.0,170.0,166.0,187.0,180.0,92.0,78.0,134.0,0.0,154.0,78.0,120.0,168.0,199.0,170.0,177.0,146.0,130.0,137.0,118.0,179.0,189.0,178.0,180.0,180.0,181.0,182.0,180.0,180.0,183.0,191.0,183.0,182.0,180.0,178.0,173.0,178.0,183.0,184.0,180.0,175.0,187.0,178.0,190.0,181.0,181.0,183.0,183.0,178.0,190.0,176.0,196.0,185.0,191.0,189.0,189.0,182.0,194.0,187.0,187.0,178.0,181.0,179.0,183.0,182.0,179.0,176.0,181.0,171.0,187.0,187.0,181.0,180.0,180.0,183.0,189.0,188.0,178.0,183.0,186.0,179.0
Transparent film on window,54.0,55.0,91.0,70.0,105.0,144.0,135.0,84.0,120.0,72.0,50.0,73.0,56.0,72.0,111.0,98.0,100.0,105.0,104.0,72.0,80.0,82.0,77.0,64.0,90.0,94.0,90.0,154.0,0.0,116.0,158.0,76.0,77.0,66.0,55.0,98.0,138.0,187.0,194.0,51.0,57.0,58.0,50.0,48.0,57.0,56.0,48.0,52.0,55.0,57.0,55.0,54.0,54.0,54.0,53.0,52.0,49.0,56.0,48.0,49.0,53.0,60.0,56.0,41.0,61.0,51.0,51.0,50.0,58.0,52.0,58.0,53.0,57.0,57.0,59.0,56.0,54.0,61.0,57.0,50.0,49.0,49.0,53.0,48.0,51.0,58.0,55.0,49.0,53.0,57.0,55.0,50.0,50.0,53.0,55.0,58.0,52.0,47.0,50.0,51.0
Seiko Solar watch,134.0,105.0,131.0,146.0,129.0,48.0,107.0,92.0,38.0,112.0,124.0,89.0,142.0,68.0,135.0,148.0,148.0,149.0,160.0,152.0,136.0,158.0,117.0,160.0,90.0,104.0,98.0,78.0,116.0,0.0,42.0,138.0,155.0,144.0,133.0,138.0,138.0,123.0,120.0,129.0,137.0,128.0,126.0,128.0,131.0,128.0,132.0,128.0,123.0,135.0,127.0,130.0,128.0,132.0,131.0,130.0,127.0,128.0,128.0,131.0,129.0,122.0,130.0,127.0,129.0,127.0,125.0,128.0,130.0,130.0,138.0,127.0,129.0,133.0,131.0,128.0,132.0,137.0,129.0,124.0,133.0,129.0,125.0,130.0,131.0,128.0,125.0,121.0,137.0,133.0,129.0,124.0,128.0,129.0,129.0,132.0,130.0,131.0,132.0,129.0
Seiko Thermic watch,176.0,147.0,165.0,182.0,163.0,90.0,137.0,134.0,80.0,154.0,166.0,119.0,184.0,110.0,169.0,146.0,146.0,143.0,154.0,162.0,142.0,190.0,159.0,202.0,132.0,146.0,88.0,120.0,158.0,42.0,0.0,124.0,149.0,138.0,127.0,140.0,124.0,85.0,80.0,171.0,169.0,170.0,168.0,170.0,173.0,164.0,174.0,168.0,165.0,173.0,169.0,172.0,166.0,174.0,173.0,170.0,169.0,166.0,170.0,173.0,171.0,164.0,172.0,169.0,161.0,169.0,167.0,170.0,166.0,172.0,176.0,161.0,171.0,173.0,171.0,170.0,174.0,169.0,163.0,166.0,171.0,171.0,167.0,172.0,173.0,170.0,163.0,163.0,179.0,163.0,171.0,166.0,170.0,169.0,171.0,172.0,172.0,173.0,168.0,171.0
Enocean ECT 310 Perpetuum,80.0,95.0,109.0,88.0,107.0,176.0,137.0,130.0,152.0,82.0,68.0,115.0,90.0,98.0,121.0,108.0,86.0,83.0,70.0,74.0,70.0,128.0,115.0,114.0,90.0,94.0,84.0,168.0,76.0,138.0,124.0,0.0,57.0,46.0,35.0,82.0,94.0,141.0,132.0,109.0,99.0,104.0,100.0,98.0,107.0,100.0,100.0,98.0,105.0,107.0,105.0,106.0,100.0,100.0,101.0,98.0,99.0,100.0,102.0,97.0,103.0,110.0,106.0,99.0,105.0,105.0,105.0,102.0,106.0,94.0,108.0,103.0,107.0,103.0,103.0,104.0,110.0,105.0,99.0,100.0,97.0,95.0,105.0,96.0,103.0,102.0,105.0,95.0,101.0,103.0,103.0,102.0,100.0,99.0,111.0,104.0,104.0,97.0,94.0,103.0
Micropelt TE-power probe,89.0,96.0,110.0,97.0,124.0,189.0,154.0,139.0,165.0,107.0,85.0,116.0,95.0,105.0,138.0,109.0,87.0,108.0,95.0,63.0,71.0,75.0,96.0,71.0,111.0,125.0,127.0,199.0,77.0,155.0,149.0,57.0,0.0,33.0,22.0,83.0,123.0,166.0,161.0,108.0,100.0,107.0,101.0,99.0,106.0,99.0,101.0,97.0,106.0,102.0,108.0,105.0,99.0,103.0,102.0,99.0,100.0,105.0,101.0,98.0,106.0,113.0,105.0,100.0,106.0,106.0,108.0,99.0,105.0,99.0,99.0,102.0,102.0,96.0,100.0,103.0,101.0,106.0,100.0,103.0,98.0,100.0,106.0,99.0,102.0,107.0,106.0,100.0,96.0,106.0,102.0,103.0,101.0,102.0,106.0,97.0,105.0,98.0,99.0,104.0
Micropelt TE-power ring,78.0,85.0,99.0,86.0,113.0,160.0,143.0,128.0,154.0,96.0,74.0,105.0,84.0,94.0,127.0,78.0,56.0,79.0,66.0,52.0,60.0,86.0,117.0,78.0,80.0,94.0,116.0,170.0,66.0,144.0,138.0,46.0,33.0,0.0,11.0,54.0,94.0,135.0,128.0,93.0,85.0,90.0,88.0,86.0,91.0,86.0,86.0,84.0,91.0,89.0,89.0,92.0,90.0,86.0,83.0,86.0,89.0,92.0,88.0,83.0,91.0,96.0,90.0,89.0,91.0,91.0,91.0,92.0,96.0,86.0,94.0,89.0,97.0,97.0,99.0,88.0,98.0,85.0,87.0,92.0,83.0,85.0,93.0,86.0,83.0,90.0,91.0,89.0,91.0,95.0,89.0,90.0,82.0,87.0,97.0,98.0,90.0,85.0,86.0,93.0
Micropelt STM-PEM,67.0,74.0,88.0,75.0,102.0,167.0,132.0,117.0,143.0,85.0,63.0,94.0,73.0,83.0,116.0,87.0,65.0,86.0,73.0,41.0,49.0,97.0,106.0,85.0,89.0,103.0,105.0,177.0,55.0,133.0,127.0,35.0,22.0,11.0,0.0,61.0,101.0,144.0,139.0,86.0,78.0,85.0,79.0,77.0,86.0,77.0,79.0,75.0,84.0,84.0,86.0,83.0,79.0,81.0,80.0,77.0,78.0,83.0,79.0,76.0,84.0,91.0,85.0,78.0,84.0,84.0,86.0,81.0,85.0,77.0,85.0,80.0,86.0,86.0,88.0,81.0,89.0,84.0,78.0,83.0,76.0,78.0,84.0,77.0,80.0,85.0,84.0,78.0,80.0,84.0,82.0,81.0,79.0,80.0,90.0,87.0,83.0,76.0,77.0,82.0
Solar powered Sterling engine,74.0,87.0,81.0,98.0,95.0,134.0,113.0,126.0,130.0,92.0,96.0,127.0,110.0,122.0,97.0,60.0,38.0,67.0,54.0,56.0,50.0,114.0,131.0,94.0,68.0,82.0,108.0,146.0,98.0,138.0,140.0,82.0,83.0,54.0,61.0,0.0,40.0,117.0,106.0,115.0,109.0,116.0,110.0,108.0,111.0,106.0,108.0,108.0,111.0,111.0,111.0,114.0,110.0,108.0,105.0,108.0,113.0,114.0,110.0,105.0,115.0,110.0,112.0,109.0,111.0,111.0,113.0,112.0,120.0,108.0,116.0,111.0,117.0,117.0,117.0,108.0,120.0,103.0,107.0,112.0,105.0,107.0,111.0,108.0,107.0,114.0,109.0,109.0,113.0,115.0,109.0,110.0,104.0,109.0,119.0,118.0,108.0,105.0,110.0,117.0
Solar/wind streetlamp,114.0,127.0,97.0,118.0,87.0,126.0,117.0,146.0,140.0,102.0,120.0,167.0,142.0,150.0,89.0,100.0,78.0,75.0,62.0,96.0,90.0,154.0,155.0,134.0,52.0,66.0,100.0,130.0,138.0,138.0,124.0,94.0,123.0,94.0,101.0,40.0,0.0,85.0,66.0,155.0,141.0,146.0,146.0,144.0,145.0,142.0,146.0,146.0,147.0,151.0,147.0,154.0,146.0,144.0,141.0,142.0,151.0,144.0,148.0,141.0,147.0,144.0,152.0,147.0,143.0,147.0,149.0,150.0,154.0,140.0,156.0,147.0,157.0,149.0,149.0,144.0,160.0,139.0,145.0,146.0,143.0,143.0,147.0,144.0,145.0,142.0,143.0,143.0,151.0,147.0,145.0,150.0,144.0,145.0,157.0,150.0,144.0,143.0,144.0,157.0
Kinesis wind/solar,161.0,144.0,134.0,155.0,124.0,75.0,98.0,129.0,97.0,149.0,165.0,136.0,179.0,127.0,126.0,119.0,97.0,112.0,99.0,147.0,141.0,185.0,176.0,171.0,119.0,133.0,131.0,137.0,187.0,123.0,85.0,141.0,166.0,135.0,144.0,117.0,85.0,0.0,29.0,186.0,176.0,181.0,179.0,179.0,178.0,173.0,181.0,179.0,180.0,186.0,184.0,185.0,179.0,177.0,174.0,175.0,184.0,177.0,183.0,182.0,186.0,179.0,187.0,184.0,180.0,184.0,184.0,189.0,189.0,175.0,191.0,180.0,188.0,190.0,190.0,183.0,195.0,178.0,178.0,183.0,180.0,180.0,184.0,183.0,182.0,177.0,180.0,184.0,188.0,178.0,180.0,185.0,185.0,178.0,190.0,189.0,179.0,182.0,179.0,190.0
Hymini wind/solar/crank,180.0,161.0,151.0,174.0,141.0,104.0,111.0,158.0,126.0,168.0,186.0,153.0,204.0,156.0,143.0,130.0,108.0,125.0,112.0,162.0,156.0,178.0,205.0,188.0,104.0,118.0,134.0,118.0,194.0,120.0,80.0,132.0,161.0,128.0,139.0,106.0,66.0,29.0,0.0,213.0,205.0,204.0,206.0,206.0,207.0,202.0,208.0,202.0,209.0,215.0,211.0,214.0,206.0,206.0,201.0,200.0,211.0,204.0,210.0,205.0,211.0,206.0,214.0,213.0,203.0,211.0,213.0,212.0,216.0,202.0,220.0,207.0,217.0,211.0,211.0,210.0,222.0,203.0,207.0,210.0,207.0,205.0,211.0,210.0,207.0,202.0,205.0,205.0,215.0,205.0,207.0,212.0,210.0,207.0,219.0,210.0,208.0,209.0,206.0,217.0
74 Chevy Tailgate Support-RBS,65.0,78.0,100.0,87.0,114.0,141.0,138.0,93.0,121.0,83.0,61.0,100.0,45.0,67.0,128.0,123.0,111.0,116.0,107.0,81.0,89.0,123.0,84.0,83.0,117.0,129.0,129.0,179.0,51.0,129.0,171.0,109.0,108.0,93.0,86.0,115.0,155.0,186.0,213.0,0.0,30.0,19.0,23.0,17.0,22.0,21.0,21.0,25.0,20.0,22.0,18.0,9.0,27.0,19.0,22.0,27.0,20.0,25.0,19.0,22.0,20.0,27.0,19.0,22.0,32.0,22.0,22.0,29.0,29.0,21.0,25.0,24.0,18.0,34.0,34.0,21.0,27.0,22.0,26.0,25.0,24.0,24.0,22.0,19.0,24.0,19.0,22.0,28.0,24.0,26.0,26.0,21.0,23.0,22.0,24.0,35.0,27.0,22.0,27.0,24.0
Air Compressor 22,65.0,84.0,98.0,85.0,110.0,147.0,140.0,103.0,129.0,81.0,59.0,110.0,43.0,75.0,124.0,125.0,107.0,110.0,99.0,75.0,83.0,131.0,90.0,87.0,113.0,127.0,125.0,189.0,57.0,137.0,169.0,99.0,100.0,85.0,78.0,109.0,141.0,176.0,205.0,30.0,0.0,27.0,19.0,19.0,22.0,17.0,19.0,19.0,18.0,22.0,22.0,27.0,23.0,23.0,26.0,19.0,20.0,21.0,21.0,22.0,24.0,23.0,23.0,20.0,20.0,20.0,20.0,31.0,23.0,23.0,23.0,20.0,28.0,28.0,30.0,21.0,29.0,28.0,18.0,23.0,14.0,18.0,20.0,21.0,20.0,25.0,20.0,26.0,28.0,26.0,24.0,23.0,23.0,14.0,26.0,29.0,19.0,18.0,19.0,26.0
B&D Cordless Screwdriver,68.0,85.0,97.0,84.0,107.0,140.0,135.0,102.0,126.0,80.0,60.0,109.0,42.0,70.0,121.0,132.0,114.0,119.0,106.0,84.0,92.0,128.0,89.0,84.0,106.0,118.0,130.0,178.0,58.0,128.0,170.0,104.0,107.0,90.0,85.0,116.0,146.0,181.0,204.0,19.0,27.0,0.0,16.0,14.0,15.0,24.0,18.0,22.0,15.0,25.0,19.0,20.0,30.0,20.0,21.0,22.0,17.0,18.0,18.0,21.0,15.0,20.0,24.0,25.0,27.0,17.0,21.0,32.0,30.0,16.0,32.0,25.0,25.0,31.0,31.0,16.0,30.0,23.0,27.0,22.0,27.0,19.0,17.0,16.0,19.0,4.0,23.0,27.0,27.0,31.0,21.0,24.0,24.0,23.0,25.0,32.0,22.0,21.0,26.0,29.0
B&D Elec. Polisher,58.0,75.0,89.0,80.0,103.0,140.0,129.0,96.0,120.0,74.0,54.0,97.0,38.0,68.0,115.0,128.0,110.0,117.0,106.0,76.0,84.0,126.0,85.0,84.0,108.0,122.0,126.0,180.0,50.0,126.0,168.0,100.0,101.0,88.0,79.0,110.0,146.0,179.0,206.0,23.0,19.0,16.0,0.0,14.0,15.0,20.0,10.0,14.0,11.0,23.0,23.0,22.0,22.0,18.0,17.0,12.0,9.0,18.0,12.0,17.0,21.0,22.0,20.0,15.0,23.0,11.0,21.0,24.0,24.0,14.0,28.0,19.0,23.0,25.0,25.0,16.0,28.0,25.0,19.0,20.0,21.0,13.0,15.0,14.0,13.0,16.0,19.0,17.0,23.0,23.0,15.0,18.0,22.0,15.0,23.0,26.0,14.0,13.0,24.0,21.0
B&D Weed Trimmer,56.0,75.0,89.0,76.0,101.0,142.0,127.0,92.0,120.0,72.0,50.0,99.0,34.0,64.0,115.0,126.0,106.0,113.0,100.0,72.0,80.0,126.0,83.0,78.0,106.0,120.0,126.0,180.0,48.0,128.0,170.0,98.0,99.0,86.0,77.0,108.0,144.0,179.0,206.0,17.0,19.0,14.0,14.0,0.0,15.0,16.0,14.0,14.0,15.0,19.0,17.0,18.0,20.0,16.0,15.0,16.0,13.0,16.0,10.0,13.0,17.0,18.0,16.0,17.0,27.0,11.0,17.0,24.0,24.0,10.0,22.0,21.0,19.0,23.0,25.0,16.0,24.0,21.0,21.0,16.0,15.0,11.0,13.0,10.0,15.0,12.0,21.0,19.0,19.0,23.0,17.0,14.0,20.0,13.0,17.0,24.0,16.0,11.0,16.0,21.0
Battery Op. Toothbrush,65.0,82.0,96.0,85.0,108.0,139.0,134.0,99.0,123.0,79.0,59.0,108.0,41.0,69.0,122.0,129.0,109.0,118.0,105.0,81.0,87.0,127.0,86.0,79.0,107.0,121.0,131.0,181.0,57.0,131.0,173.0,107.0,106.0,91.0,86.0,111.0,145.0,178.0,207.0,22.0,22.0,15.0,15.0,15.0,0.0,21.0,13.0,19.0,12.0,20.0,18.0,21.0,23.0,15.0,20.0,21.0,18.0,19.0,15.0,18.0,18.0,13.0,19.0,20.0,22.0,14.0,16.0,31.0,25.0,13.0,25.0,20.0,20.0,30.0,30.0,13.0,23.0,22.0,20.0,21.0,22.0,18.0,18.0,17.0,12.0,15.0,18.0,26.0,26.0,30.0,16.0,21.0,19.0,16.0,18.0,31.0,13.0,18.0,23.0,30.0
Bissel Hand Vacuum,62.0,81.0,95.0,82.0,107.0,142.0,129.0,92.0,120.0,78.0,56.0,103.0,40.0,64.0,119.0,128.0,106.0,113.0,100.0,72.0,80.0,134.0,87.0,84.0,110.0,124.0,126.0,182.0,56.0,128.0,164.0,100.0,99.0,86.0,77.0,106.0,142.0,173.0,202.0,21.0,17.0,24.0,20.0,16.0,21.0,0.0,18.0,16.0,17.0,21.0,19.0,18.0,14.0,16.0,17.0,14.0,17.0,14.0,16.0,17.0,21.0,24.0,18.0,21.0,19.0,21.0,17.0,24.0,22.0,16.0,18.0,13.0,17.0,23.0,25.0,20.0,24.0,21.0,13.0,20.0,11.0,19.0,21.0,18.0,21.0,20.0,15.0,19.0,23.0,17.0,21.0,22.0,22.0,9.0,21.0,22.0,18.0,15.0,16.0,27.0
Black & Decker Elec. Knife,56.0,75.0,91.0,78.0,105.0,144.0,131.0,96.0,124.0,74.0,52.0,99.0,36.0,68.0,117.0,124.0,106.0,115.0,102.0,74.0,82.0,124.0,87.0,78.0,108.0,120.0,128.0,180.0,48.0,132.0,174.0,100.0,101.0,86.0,79.0,108.0,146.0,181.0,208.0,21.0,19.0,18.0,10.0,14.0,13.0,18.0,0.0,10.0,11.0,19.0,17.0,20.0,22.0,14.0,11.0,10.0,11.0,18.0,10.0,13.0,19.0,18.0,20.0,17.0,21.0,13.0,17.0,22.0,24.0,12.0,24.0,15.0,21.0,27.0,27.0,18.0,24.0,23.0,17.0,20.0,19.0,11.0,13.0,12.0,13.0,18.0,17.0,21.0,23.0,25.0,17.0,20.0,18.0,13.0,19.0,28.0,16.0,11.0,18.0,21.0
Black & Decker Sander,58.0,79.0,93.0,82.0,107.0,146.0,131.0,98.0,126.0,76.0,54.0,103.0,38.0,68.0,121.0,130.0,108.0,117.0,104.0,74.0,82.0,128.0,91.0,84.0,108.0,122.0,130.0,180.0,52.0,128.0,168.0,98.0,97.0,84.0,75.0,108.0,146.0,179.0,202.0,25.0,19.0,22.0,14.0,14.0,19.0,16.0,10.0,0.0,17.0,23.0,21.0,22.0,22.0,20.0,15.0,6.0,13.0,16.0,14.0,15.0,21.0,20.0,22.0,21.0,23.0,19.0,23.0,26.0,26.0,14.0,22.0,19.0,23.0,25.0,27.0,20.0,26.0,29.0,19.0,20.0,17.0,13.0,19.0,16.0,15.0,24.0,19.0,19.0,27.0,25.0,19.0,24.0,22.0,15.0,23.0,26.0,18.0,13.0,22.0,25.0
Braun Hand Blender,61.0,80.0,92.0,85.0,106.0,135.0,134.0,99.0,117.0,75.0,57.0,106.0,41.0,63.0,120.0,129.0,109.0,120.0,107.0,79.0,85.0,131.0,82.0,83.0,109.0,123.0,127.0,183.0,55.0,123.0,165.0,105.0,106.0,91.0,84.0,111.0,147.0,180.0,209.0,20.0,18.0,15.0,11.0,15.0,12.0,17.0,11.0,17.0,0.0,18.0,16.0,17.0,23.0,17.0,18.0,17.0,14.0,19.0,13.0,18.0,18.0,13.0,17.0,14.0,16.0,8.0,14.0,25.0,19.0,17.0,23.0,12.0,16.0,26.0,26.0,9.0,21.0,20.0,16.0,21.0,18.0,14.0,12.0,15.0,16.0,15.0,12.0,20.0,28.0,26.0,12.0,17.0,17.0,12.0,18.0,27.0,11.0,14.0,23.0,26.0
Bubble Machine,65.0,84.0,102.0,89.0,116.0,145.0,144.0,105.0,127.0,83.0,61.0,110.0,47.0,71.0,130.0,127.0,109.0,116.0,105.0,79.0,87.0,127.0,80.0,83.0,117.0,131.0,133.0,191.0,57.0,135.0,173.0,107.0,102.0,89.0,84.0,111.0,151.0,186.0,215.0,22.0,22.0,25.0,23.0,19.0,20.0,21.0,19.0,23.0,18.0,0.0,18.0,21.0,31.0,15.0,24.0,25.0,24.0,23.0,21.0,26.0,22.0,19.0,11.0,24.0,26.0,18.0,14.0,29.0,19.0,23.0,11.0,22.0,18.0,30.0,30.0,21.0,19.0,20.0,26.0,21.0,18.0,20.0,20.0,17.0,24.0,23.0,22.0,30.0,22.0,24.0,22.0,21.0,19.0,18.0,14.0,31.0,23.0,20.0,21.0,24.0
Bumble Ball Toy,61.0,84.0,96.0,83.0,108.0,137.0,138.0,101.0,121.0,77.0,55.0,110.0,41.0,67.0,122.0,127.0,109.0,114.0,103.0,79.0,87.0,127.0,80.0,81.0,109.0,123.0,129.0,183.0,55.0,127.0,169.0,105.0,108.0,89.0,86.0,111.0,147.0,184.0,211.0,18.0,22.0,19.0,23.0,17.0,18.0,19.0,17.0,21.0,16.0,18.0,0.0,17.0,27.0,17.0,20.0,25.0,20.0,21.0,19.0,18.0,10.0,17.0,17.0,20.0,28.0,16.0,12.0,29.0,23.0,19.0,23.0,20.0,20.0,30.0,30.0,17.0,23.0,18.0,18.0,19.0,20.0,18.0,16.0,13.0,20.0,17.0,18.0,24.0,26.0,28.0,22.0,21.0,13.0,16.0,16.0,31.0,21.0,16.0,21.0,22.0
Cadillac Slide-Out Visor-RBS,62.0,81.0,97.0,84.0,111.0,142.0,137.0,94.0,122.0,80.0,58.0,103.0,42.0,64.0,125.0,126.0,110.0,117.0,106.0,78.0,86.0,126.0,83.0,82.0,116.0,128.0,130.0,182.0,54.0,130.0,172.0,106.0,105.0,92.0,83.0,114.0,154.0,185.0,214.0,9.0,27.0,20.0,22.0,18.0,21.0,18.0,20.0,22.0,17.0,21.0,17.0,0.0,26.0,16.0,21.0,24.0,17.0,24.0,20.0,21.0,23.0,24.0,18.0,19.0,27.0,21.0,23.0,26.0,26.0,20.0,22.0,23.0,15.0,31.0,31.0,16.0,26.0,23.0,21.0,22.0,21.0,23.0,19.0,18.0,21.0,22.0,21.0,23.0,23.0,23.0,25.0,22.0,20.0,19.0,23.0,32.0,22.0,21.0,26.0,21.0
Corvette Vac 23,64.0,77.0,97.0,84.0,109.0,146.0,131.0,92.0,122.0,80.0,58.0,101.0,42.0,70.0,121.0,130.0,112.0,115.0,106.0,76.0,84.0,128.0,89.0,84.0,112.0,126.0,124.0,180.0,54.0,128.0,166.0,100.0,99.0,90.0,79.0,110.0,146.0,179.0,206.0,27.0,23.0,30.0,22.0,20.0,23.0,14.0,22.0,22.0,23.0,31.0,27.0,26.0,0.0,24.0,23.0,20.0,21.0,22.0,18.0,19.0,27.0,30.0,28.0,25.0,29.0,25.0,21.0,26.0,26.0,18.0,26.0,23.0,23.0,23.0,25.0,24.0,28.0,33.0,17.0,24.0,21.0,21.0,27.0,22.0,23.0,26.0,25.0,23.0,21.0,25.0,23.0,22.0,28.0,15.0,25.0,22.0,22.0,15.0,24.0,31.0
Crossfire Game,60.0,77.0,95.0,78.0,105.0,142.0,131.0,92.0,124.0,74.0,52.0,103.0,36.0,66.0,119.0,126.0,106.0,109.0,98.0,76.0,84.0,126.0,85.0,80.0,106.0,120.0,128.0,178.0,54.0,132.0,174.0,100.0,103.0,86.0,81.0,108.0,144.0,177.0,206.0,19.0,23.0,20.0,18.0,16.0,15.0,16.0,14.0,20.0,17.0,15.0,17.0,16.0,24.0,0.0,17.0,18.0,17.0,20.0,16.0,19.0,21.0,20.0,16.0,19.0,27.0,15.0,17.0,20.0,28.0,12.0,22.0,23.0,17.0,29.0,29.0,18.0,26.0,21.0,25.0,16.0,15.0,17.0,19.0,14.0,17.0,16.0,23.0,21.0,19.0,19.0,21.0,18.0,18.0,13.0,19.0,30.0,20.0,19.0,20.0,19.0
Dazey Fruit & Veg. Stripper-RBS,57.0,74.0,88.0,79.0,102.0,139.0,130.0,95.0,125.0,73.0,55.0,98.0,39.0,71.0,114.0,119.0,101.0,110.0,99.0,75.0,81.0,121.0,90.0,75.0,101.0,113.0,127.0,173.0,53.0,131.0,173.0,101.0,102.0,83.0,80.0,105.0,141.0,174.0,201.0,22.0,26.0,21.0,17.0,15.0,20.0,17.0,11.0,15.0,18.0,24.0,20.0,21.0,23.0,17.0,0.0,15.0,14.0,21.0,11.0,14.0,22.0,27.0,23.0,22.0,26.0,18.0,22.0,25.0,29.0,13.0,27.0,20.0,24.0,26.0,26.0,21.0,29.0,26.0,24.0,19.0,20.0,14.0,18.0,15.0,16.0,19.0,20.0,18.0,24.0,28.0,20.0,23.0,23.0,18.0,24.0,27.0,21.0,14.0,23.0,22.0
De walt sander,58.0,79.0,91.0,80.0,103.0,146.0,127.0,94.0,126.0,72.0,52.0,101.0,36.0,70.0,115.0,130.0,108.0,115.0,102.0,74.0,82.0,130.0,93.0,84.0,104.0,118.0,126.0,178.0,52.0,130.0,170.0,98.0,99.0,86.0,77.0,108.0,142.0,175.0,200.0,27.0,19.0,22.0,12.0,16.0,21.0,14.0,10.0,6.0,17.0,25.0,25.0,24.0,20.0,18.0,15.0,0.0,15.0,12.0,16.0,17.0,21.0,24.0,24.0,19.0,23.0,19.0,25.0,24.0,24.0,14.0,24.0,19.0,25.0,21.0,23.0,22.0,28.0,29.0,19.0,20.0,17.0,13.0,19.0,18.0,17.0,22.0,19.0,19.0,23.0,23.0,17.0,26.0,26.0,15.0,25.0,22.0,18.0,13.0,20.0,27.0
Dremel Electric Engraver-RBS,55.0,74.0,88.0,77.0,102.0,143.0,128.0,93.0,119.0,73.0,51.0,98.0,35.0,65.0,116.0,129.0,111.0,116.0,107.0,73.0,81.0,127.0,82.0,83.0,113.0,127.0,127.0,183.0,49.0,127.0,169.0,99.0,100.0,89.0,78.0,113.0,151.0,184.0,211.0,20.0,20.0,17.0,9.0,13.0,18.0,17.0,11.0,13.0,14.0,24.0,20.0,17.0,21.0,17.0,14.0,15.0,0.0,19.0,9.0,16.0,18.0,23.0,21.0,16.0,24.0,14.0,20.0,17.0,25.0,15.0,25.0,20.0,18.0,24.0,24.0,19.0,25.0,26.0,18.0,17.0,18.0,16.0,14.0,13.0,14.0,17.0,20.0,14.0,18.0,20.0,18.0,19.0,23.0,14.0,20.0,25.0,17.0,12.0,23.0,16.0
Durabuilt Hand Vacuum,66.0,85.0,99.0,84.0,107.0,144.0,133.0,96.0,124.0,76.0,56.0,109.0,40.0,70.0,119.0,132.0,114.0,117.0,104.0,80.0,88.0,136.0,89.0,90.0,108.0,122.0,120.0,184.0,56.0,128.0,166.0,100.0,105.0,92.0,83.0,114.0,144.0,177.0,204.0,25.0,21.0,18.0,18.0,16.0,19.0,14.0,18.0,16.0,19.0,23.0,21.0,24.0,22.0,20.0,21.0,12.0,19.0,0.0,18.0,23.0,17.0,24.0,22.0,21.0,25.0,21.0,21.0,30.0,24.0,16.0,24.0,19.0,25.0,25.0,27.0,24.0,28.0,27.0,21.0,18.0,19.0,19.0,19.0,20.0,23.0,18.0,21.0,23.0,27.0,23.0,21.0,28.0,28.0,17.0,25.0,26.0,22.0,19.0,14.0,31.0
Electric Can Opener,58.0,71.0,91.0,80.0,105.0,142.0,131.0,92.0,120.0,76.0,54.0,97.0,38.0,68.0,119.0,124.0,108.0,113.0,104.0,74.0,82.0,124.0,83.0,80.0,110.0,124.0,126.0,180.0,48.0,128.0,170.0,102.0,101.0,88.0,79.0,110.0,148.0,183.0,210.0,19.0,21.0,18.0,12.0,10.0,15.0,16.0,10.0,14.0,13.0,21.0,19.0,20.0,18.0,16.0,11.0,16.0,9.0,18.0,0.0,11.0,21.0,22.0,22.0,17.0,27.0,11.0,17.0,20.0,22.0,10.0,22.0,19.0,21.0,25.0,27.0,18.0,26.0,25.0,21.0,18.0,19.0,11.0,15.0,16.0,13.0,16.0,19.0,15.0,21.0,23.0,17.0,16.0,22.0,15.0,19.0,26.0,16.0,9.0,20.0,21.0
Electric Pencil Sharpener,57.0,78.0,90.0,75.0,102.0,147.0,130.0,91.0,125.0,73.0,51.0,100.0,35.0,69.0,114.0,123.0,105.0,110.0,99.0,73.0,81.0,121.0,86.0,75.0,103.0,115.0,123.0,175.0,49.0,131.0,173.0,97.0,98.0,83.0,76.0,105.0,141.0,182.0,205.0,22.0,22.0,21.0,17.0,13.0,18.0,17.0,13.0,15.0,18.0,26.0,18.0,21.0,19.0,19.0,14.0,17.0,16.0,23.0,11.0,0.0,22.0,23.0,23.0,20.0,28.0,16.0,22.0,25.0,23.0,9.0,25.0,22.0,24.0,24.0,26.0,15.0,29.0,26.0,20.0,23.0,18.0,10.0,18.0,15.0,14.0,17.0,24.0,14.0,22.0,26.0,18.0,21.0,13.0,14.0,24.0,25.0,15.0,10.0,19.0,22.0
Ertl Bumble Ball,59.0,84.0,92.0,81.0,104.0,143.0,136.0,103.0,125.0,73.0,53.0,112.0,39.0,69.0,118.0,133.0,113.0,120.0,107.0,77.0,85.0,131.0,84.0,85.0,107.0,121.0,127.0,187.0,53.0,129.0,171.0,103.0,106.0,91.0,84.0,115.0,147.0,186.0,211.0,20.0,24.0,15.0,21.0,17.0,18.0,21.0,19.0,21.0,18.0,22.0,10.0,23.0,27.0,21.0,22.0,21.0,18.0,17.0,21.0,22.0,0.0,19.0,17.0,20.0,26.0,18.0,16.0,31.0,25.0,21.0,25.0,20.0,22.0,28.0,28.0,19.0,23.0,22.0,20.0,19.0,22.0,20.0,18.0,13.0,22.0,15.0,18.0,26.0,26.0,30.0,20.0,23.0,19.0,18.0,20.0,29.0,23.0,18.0,21.0,26.0
F.Price Remote Control Car,70.0,89.0,97.0,92.0,109.0,132.0,135.0,104.0,116.0,78.0,64.0,113.0,48.0,70.0,123.0,128.0,110.0,123.0,112.0,88.0,88.0,134.0,87.0,90.0,106.0,120.0,126.0,178.0,60.0,122.0,164.0,110.0,113.0,96.0,91.0,110.0,144.0,179.0,206.0,27.0,23.0,20.0,22.0,18.0,13.0,24.0,18.0,20.0,13.0,19.0,17.0,24.0,30.0,20.0,27.0,24.0,23.0,24.0,22.0,23.0,19.0,0.0,18.0,23.0,23.0,15.0,15.0,34.0,28.0,22.0,24.0,21.0,23.0,35.0,35.0,14.0,24.0,21.0,21.0,22.0,23.0,21.0,15.0,18.0,21.0,20.0,19.0,29.0,31.0,31.0,21.0,22.0,18.0,17.0,17.0,36.0,16.0,21.0,26.0,31.0
Fisher Price Bubble Mower,64.0,85.0,101.0,88.0,115.0,142.0,141.0,102.0,124.0,82.0,60.0,109.0,46.0,68.0,127.0,132.0,112.0,123.0,110.0,82.0,90.0,128.0,81.0,82.0,112.0,126.0,130.0,190.0,56.0,130.0,172.0,106.0,105.0,90.0,85.0,112.0,152.0,187.0,214.0,19.0,23.0,24.0,20.0,16.0,19.0,18.0,20.0,22.0,17.0,11.0,17.0,18.0,28.0,16.0,23.0,24.0,21.0,22.0,22.0,23.0,17.0,18.0,0.0,21.0,27.0,17.0,17.0,26.0,22.0,24.0,16.0,21.0,15.0,25.0,25.0,18.0,18.0,17.0,21.0,20.0,17.0,21.0,19.0,16.0,23.0,22.0,21.0,25.0,19.0,23.0,19.0,20.0,16.0,15.0,15.0,26.0,20.0,17.0,20.0,23.0
Green Eagle Putting Cup,55.0,74.0,88.0,77.0,102.0,143.0,134.0,91.0,121.0,69.0,51.0,98.0,35.0,67.0,114.0,121.0,107.0,116.0,105.0,73.0,79.0,123.0,80.0,79.0,109.0,121.0,115.0,181.0,41.0,127.0,169.0,99.0,100.0,89.0,78.0,109.0,147.0,184.0,213.0,22.0,20.0,25.0,15.0,17.0,20.0,21.0,17.0,21.0,14.0,24.0,20.0,19.0,25.0,19.0,22.0,19.0,16.0,21.0,17.0,20.0,20.0,23.0,21.0,0.0,26.0,14.0,20.0,23.0,25.0,21.0,25.0,20.0,20.0,26.0,28.0,15.0,21.0,26.0,20.0,17.0,18.0,20.0,16.0,19.0,20.0,25.0,20.0,18.0,24.0,26.0,20.0,19.0,21.0,18.0,22.0,27.0,13.0,16.0,19.0,22.0
Hair Dryer,73.0,92.0,104.0,95.0,118.0,145.0,146.0,107.0,129.0,87.0,69.0,116.0,53.0,75.0,130.0,129.0,111.0,122.0,111.0,83.0,89.0,137.0,96.0,93.0,113.0,123.0,123.0,181.0,61.0,129.0,161.0,105.0,106.0,91.0,84.0,111.0,143.0,180.0,203.0,32.0,20.0,27.0,23.0,27.0,22.0,19.0,21.0,23.0,16.0,26.0,28.0,27.0,29.0,27.0,26.0,23.0,24.0,25.0,27.0,28.0,26.0,23.0,27.0,26.0,0.0,22.0,26.0,31.0,21.0,29.0,27.0,8.0,26.0,32.0,32.0,21.0,31.0,26.0,18.0,27.0,18.0,28.0,24.0,23.0,24.0,27.0,10.0,24.0,38.0,32.0,24.0,31.0,25.0,18.0,30.0,33.0,21.0,26.0,27.0,32.0
Hamilton  Elec. Mixer,61.0,80.0,92.0,85.0,106.0,139.0,136.0,101.0,121.0,75.0,57.0,106.0,43.0,69.0,120.0,127.0,109.0,118.0,107.0,79.0,85.0,129.0,84.0,83.0,109.0,123.0,127.0,183.0,51.0,127.0,169.0,105.0,106.0,91.0,84.0,111.0,147.0,184.0,211.0,22.0,20.0,17.0,11.0,11.0,14.0,21.0,13.0,19.0,8.0,18.0,16.0,21.0,25.0,15.0,18.0,19.0,14.0,21.0,11.0,16.0,18.0,15.0,17.0,14.0,22.0,0.0,16.0,23.0,21.0,15.0,23.0,16.0,16.0,24.0,24.0,11.0,23.0,18.0,20.0,17.0,18.0,12.0,10.0,13.0,14.0,15.0,16.0,18.0,24.0,22.0,10.0,13.0,17.0,12.0,16.0,25.0,13.0,12.0,21.0,20.0
Horseman Swimming Toy,63.0,80.0,98.0,85.0,110.0,135.0,138.0,97.0,117.0,79.0,57.0,106.0,43.0,65.0,124.0,127.0,111.0,114.0,105.0,81.0,89.0,125.0,78.0,81.0,111.0,125.0,127.0,183.0,51.0,125.0,167.0,105.0,108.0,91.0,86.0,113.0,149.0,184.0,213.0,22.0,20.0,21.0,21.0,17.0,16.0,17.0,17.0,23.0,14.0,14.0,12.0,23.0,21.0,17.0,22.0,25.0,20.0,21.0,17.0,22.0,16.0,15.0,17.0,20.0,26.0,16.0,0.0,29.0,21.0,21.0,21.0,20.0,20.0,28.0,28.0,17.0,19.0,22.0,18.0,19.0,18.0,18.0,18.0,13.0,18.0,19.0,20.0,26.0,26.0,26.0,20.0,17.0,17.0,12.0,14.0,27.0,19.0,16.0,21.0,26.0
Hot Glue Gun 21,62.0,77.0,97.0,82.0,109.0,148.0,135.0,92.0,124.0,78.0,56.0,103.0,40.0,70.0,123.0,132.0,114.0,115.0,108.0,78.0,86.0,124.0,83.0,82.0,112.0,124.0,122.0,178.0,50.0,128.0,170.0,102.0,99.0,92.0,81.0,112.0,150.0,189.0,212.0,29.0,31.0,32.0,24.0,24.0,31.0,24.0,22.0,26.0,25.0,29.0,29.0,26.0,26.0,20.0,25.0,24.0,17.0,30.0,20.0,25.0,31.0,34.0,26.0,23.0,31.0,23.0,29.0,0.0,26.0,24.0,26.0,25.0,19.0,23.0,21.0,30.0,26.0,33.0,31.0,24.0,19.0,25.0,25.0,24.0,27.0,28.0,25.0,17.0,21.0,25.0,29.0,26.0,30.0,21.0,23.0,24.0,28.0,21.0,26.0,25.0
Humidifier,70.0,89.0,103.0,92.0,115.0,148.0,145.0,106.0,126.0,84.0,64.0,113.0,50.0,74.0,129.0,134.0,118.0,123.0,114.0,84.0,92.0,134.0,85.0,92.0,120.0,132.0,124.0,190.0,58.0,130.0,166.0,106.0,105.0,96.0,85.0,120.0,154.0,189.0,216.0,29.0,23.0,30.0,24.0,24.0,25.0,22.0,24.0,26.0,19.0,19.0,23.0,26.0,26.0,28.0,29.0,24.0,25.0,24.0,22.0,23.0,25.0,28.0,22.0,25.0,21.0,21.0,21.0,26.0,0.0,26.0,20.0,15.0,25.0,21.0,21.0,24.0,24.0,33.0,23.0,28.0,19.0,21.0,21.0,24.0,27.0,26.0,17.0,21.0,29.0,31.0,23.0,28.0,26.0,19.0,21.0,22.0,26.0,21.0,24.0,31.0
Krups Cheese Grater,56.0,75.0,89.0,72.0,97.0,144.0,123.0,90.0,122.0,68.0,46.0,101.0,30.0,64.0,111.0,128.0,106.0,109.0,96.0,72.0,80.0,128.0,85.0,80.0,102.0,116.0,126.0,176.0,52.0,130.0,172.0,94.0,99.0,86.0,77.0,108.0,140.0,175.0,202.0,21.0,23.0,16.0,14.0,10.0,13.0,16.0,12.0,14.0,17.0,23.0,19.0,20.0,18.0,12.0,13.0,14.0,15.0,16.0,10.0,9.0,21.0,22.0,24.0,21.0,29.0,15.0,21.0,24.0,26.0,0.0,24.0,23.0,21.0,25.0,27.0,16.0,30.0,27.0,23.0,16.0,19.0,11.0,17.0,12.0,15.0,12.0,23.0,17.0,21.0,23.0,19.0,20.0,20.0,15.0,23.0,26.0,16.0,11.0,18.0,23.0
Mattel Bubble Extinguisher,66.0,87.0,103.0,90.0,117.0,152.0,145.0,104.0,130.0,84.0,62.0,113.0,48.0,72.0,131.0,134.0,114.0,121.0,110.0,80.0,88.0,130.0,81.0,82.0,122.0,136.0,134.0,196.0,58.0,138.0,176.0,108.0,99.0,94.0,85.0,116.0,156.0,191.0,220.0,25.0,23.0,32.0,28.0,22.0,25.0,18.0,24.0,22.0,23.0,11.0,23.0,22.0,26.0,22.0,27.0,24.0,25.0,24.0,22.0,25.0,25.0,24.0,16.0,25.0,27.0,23.0,21.0,26.0,20.0,24.0,0.0,21.0,15.0,23.0,25.0,24.0,20.0,25.0,23.0,20.0,17.0,25.0,23.0,22.0,27.0,30.0,21.0,29.0,21.0,23.0,25.0,24.0,22.0,19.0,17.0,24.0,24.0,19.0,20.0,27.0
Mini Pro Hair Dryer,67.0,86.0,98.0,89.0,112.0,143.0,140.0,103.0,123.0,81.0,63.0,110.0,49.0,69.0,124.0,127.0,109.0,122.0,109.0,79.0,85.0,133.0,88.0,89.0,115.0,125.0,121.0,185.0,53.0,127.0,161.0,103.0,102.0,89.0,80.0,111.0,147.0,180.0,207.0,24.0,20.0,25.0,19.0,21.0,20.0,13.0,15.0,19.0,12.0,22.0,20.0,23.0,23.0,23.0,20.0,19.0,20.0,19.0,19.0,22.0,20.0,21.0,21.0,20.0,8.0,16.0,20.0,25.0,15.0,23.0,21.0,0.0,20.0,28.0,28.0,19.0,23.0,22.0,14.0,23.0,14.0,22.0,20.0,19.0,24.0,23.0,6.0,20.0,32.0,26.0,20.0,25.0,21.0,14.0,22.0,29.0,21.0,20.0,19.0,28.0
Moen Kitchen Water Faucet,63.0,84.0,98.0,87.0,112.0,145.0,136.0,99.0,121.0,79.0,59.0,108.0,45.0,63.0,126.0,137.0,115.0,126.0,113.0,81.0,87.0,133.0,82.0,83.0,119.0,133.0,133.0,191.0,57.0,129.0,171.0,107.0,102.0,97.0,86.0,117.0,157.0,188.0,217.0,18.0,28.0,25.0,23.0,19.0,20.0,17.0,21.0,23.0,16.0,18.0,20.0,15.0,23.0,17.0,24.0,25.0,18.0,25.0,21.0,24.0,22.0,23.0,15.0,20.0,26.0,16.0,20.0,19.0,25.0,21.0,15.0,20.0,0.0,24.0,22.0,19.0,17.0,22.0,20.0,19.0,20.0,24.0,20.0,17.0,26.0,23.0,20.0,24.0,20.0,20.0,18.0,21.0,21.0,16.0,16.0,23.0,21.0,20.0,25.0,22.0
Mr. Coffee Coffee Maker-RBS,67.0,90.0,100.0,89.0,112.0,155.0,140.0,105.0,133.0,81.0,61.0,114.0,47.0,77.0,124.0,143.0,121.0,128.0,115.0,85.0,93.0,125.0,84.0,79.0,111.0,125.0,127.0,189.0,57.0,133.0,173.0,103.0,96.0,97.0,86.0,117.0,149.0,190.0,211.0,34.0,28.0,31.0,25.0,23.0,30.0,23.0,27.0,25.0,26.0,30.0,30.0,31.0,23.0,29.0,26.0,21.0,24.0,25.0,25.0,24.0,28.0,35.0,25.0,26.0,32.0,24.0,28.0,23.0,21.0,25.0,23.0,28.0,24.0,0.0,4.0,29.0,21.0,34.0,30.0,25.0,22.0,22.0,22.0,25.0,26.0,29.0,26.0,20.0,24.0,28.0,22.0,31.0,33.0,22.0,22.0,1.0,25.0,18.0,25.0,32.0
Mr. Coffee Iced Tea Maker-RBS,67.0,90.0,100.0,91.0,112.0,153.0,140.0,107.0,131.0,81.0,63.0,114.0,49.0,77.0,124.0,143.0,121.0,128.0,115.0,87.0,93.0,129.0,86.0,83.0,111.0,125.0,127.0,189.0,59.0,131.0,171.0,103.0,100.0,99.0,88.0,117.0,149.0,190.0,211.0,34.0,30.0,31.0,25.0,25.0,30.0,25.0,27.0,27.0,26.0,30.0,30.0,31.0,25.0,29.0,26.0,23.0,24.0,27.0,27.0,26.0,28.0,35.0,25.0,28.0,32.0,24.0,28.0,21.0,21.0,27.0,25.0,28.0,22.0,4.0,0.0,29.0,21.0,34.0,30.0,27.0,24.0,22.0,22.0,25.0,26.0,29.0,26.0,22.0,24.0,28.0,22.0,29.0,33.0,22.0,20.0,5.0,27.0,20.0,27.0,32.0
OverRider Toy Car,62.0,83.0,91.0,84.0,105.0,142.0,137.0,102.0,124.0,76.0,58.0,111.0,40.0,68.0,119.0,128.0,108.0,119.0,106.0,78.0,84.0,128.0,85.0,80.0,106.0,118.0,128.0,182.0,56.0,128.0,170.0,104.0,103.0,88.0,81.0,108.0,144.0,183.0,210.0,21.0,21.0,16.0,16.0,16.0,13.0,20.0,18.0,20.0,9.0,21.0,17.0,16.0,24.0,18.0,21.0,22.0,19.0,24.0,18.0,15.0,19.0,14.0,18.0,15.0,21.0,11.0,17.0,30.0,24.0,16.0,24.0,19.0,19.0,29.0,29.0,0.0,26.0,23.0,17.0,22.0,21.0,19.0,15.0,14.0,15.0,18.0,19.0,21.0,25.0,29.0,15.0,18.0,12.0,15.0,21.0,30.0,12.0,15.0,24.0,25.0
Paint Sprayer,68.0,87.0,103.0,90.0,117.0,148.0,145.0,104.0,126.0,84.0,64.0,111.0,50.0,72.0,129.0,134.0,118.0,127.0,116.0,86.0,92.0,122.0,77.0,78.0,120.0,132.0,130.0,194.0,54.0,132.0,174.0,110.0,101.0,98.0,89.0,120.0,160.0,195.0,222.0,27.0,29.0,30.0,28.0,24.0,23.0,24.0,24.0,26.0,21.0,19.0,23.0,26.0,28.0,26.0,29.0,28.0,25.0,28.0,26.0,29.0,23.0,24.0,18.0,21.0,31.0,23.0,19.0,26.0,24.0,30.0,20.0,23.0,17.0,21.0,21.0,26.0,0.0,27.0,25.0,24.0,23.0,25.0,25.0,24.0,25.0,30.0,23.0,31.0,25.0,31.0,23.0,26.0,26.0,21.0,11.0,22.0,24.0,23.0,24.0,31.0
Pneumatic Air Ratchet,67.0,90.0,102.0,91.0,116.0,143.0,142.0,109.0,129.0,83.0,63.0,114.0,49.0,75.0,128.0,123.0,103.0,114.0,101.0,77.0,83.0,133.0,92.0,85.0,111.0,125.0,129.0,187.0,61.0,137.0,169.0,105.0,106.0,85.0,84.0,103.0,139.0,178.0,203.0,22.0,28.0,23.0,25.0,21.0,22.0,21.0,23.0,29.0,20.0,20.0,18.0,23.0,33.0,21.0,26.0,29.0,26.0,27.0,25.0,26.0,22.0,21.0,17.0,26.0,26.0,18.0,22.0,33.0,33.0,27.0,25.0,22.0,22.0,34.0,34.0,23.0,27.0,0.0,22.0,27.0,22.0,24.0,22.0,21.0,24.0,21.0,20.0,32.0,28.0,22.0,24.0,25.0,21.0,20.0,24.0,35.0,21.0,22.0,25.0,28.0
Portable Fan,63.0,86.0,96.0,87.0,110.0,143.0,136.0,99.0,121.0,79.0,59.0,108.0,43.0,69.0,122.0,125.0,105.0,116.0,105.0,75.0,81.0,135.0,86.0,87.0,113.0,127.0,121.0,187.0,57.0,129.0,163.0,99.0,100.0,87.0,78.0,107.0,145.0,178.0,207.0,26.0,18.0,27.0,19.0,21.0,20.0,13.0,17.0,19.0,16.0,26.0,18.0,21.0,17.0,25.0,24.0,19.0,18.0,21.0,21.0,20.0,20.0,21.0,21.0,20.0,18.0,20.0,18.0,31.0,23.0,23.0,23.0,14.0,20.0,30.0,30.0,17.0,25.0,22.0,0.0,25.0,20.0,20.0,22.0,17.0,20.0,27.0,18.0,26.0,26.0,26.0,18.0,23.0,19.0,12.0,24.0,29.0,17.0,14.0,21.0,26.0
Power Caulk 20,60.0,75.0,93.0,80.0,103.0,138.0,133.0,92.0,118.0,70.0,52.0,103.0,38.0,66.0,117.0,126.0,110.0,111.0,104.0,78.0,84.0,126.0,79.0,82.0,108.0,122.0,122.0,178.0,50.0,124.0,166.0,100.0,103.0,92.0,83.0,112.0,146.0,183.0,210.0,25.0,23.0,22.0,20.0,16.0,21.0,20.0,20.0,20.0,21.0,21.0,19.0,22.0,24.0,16.0,19.0,20.0,17.0,18.0,18.0,23.0,19.0,22.0,20.0,17.0,27.0,17.0,19.0,24.0,28.0,16.0,20.0,23.0,19.0,25.0,27.0,22.0,24.0,27.0,25.0,0.0,19.0,23.0,15.0,16.0,21.0,20.0,23.0,19.0,21.0,21.0,23.0,18.0,22.0,19.0,19.0,26.0,24.0,17.0,22.0,19.0
Presto Popcorn Popper,59.0,82.0,96.0,81.0,108.0,147.0,136.0,97.0,127.0,75.0,53.0,108.0,39.0,67.0,122.0,127.0,105.0,112.0,99.0,73.0,81.0,127.0,86.0,81.0,109.0,121.0,123.0,181.0,49.0,133.0,171.0,97.0,98.0,83.0,76.0,105.0,143.0,180.0,207.0,24.0,14.0,27.0,21.0,15.0,22.0,11.0,19.0,17.0,18.0,18.0,20.0,21.0,21.0,15.0,20.0,17.0,18.0,19.0,19.0,18.0,22.0,23.0,17.0,18.0,18.0,18.0,18.0,19.0,19.0,19.0,17.0,14.0,20.0,22.0,24.0,21.0,23.0,22.0,20.0,19.0,0.0,16.0,20.0,17.0,20.0,23.0,14.0,16.0,24.0,20.0,18.0,21.0,19.0,10.0,22.0,23.0,15.0,16.0,17.0,24.0
Presto Salad Shooter,55.0,76.0,90.0,79.0,102.0,143.0,130.0,97.0,123.0,71.0,51.0,100.0,37.0,71.0,116.0,123.0,105.0,110.0,99.0,75.0,81.0,123.0,86.0,81.0,103.0,117.0,123.0,179.0,49.0,129.0,171.0,95.0,100.0,85.0,78.0,107.0,143.0,180.0,205.0,24.0,18.0,19.0,13.0,11.0,18.0,19.0,11.0,13.0,14.0,20.0,18.0,23.0,21.0,17.0,14.0,13.0,16.0,19.0,11.0,10.0,20.0,21.0,21.0,20.0,28.0,12.0,18.0,25.0,21.0,11.0,25.0,22.0,24.0,22.0,22.0,19.0,25.0,24.0,20.0,23.0,16.0,0.0,16.0,13.0,14.0,17.0,22.0,18.0,24.0,26.0,14.0,17.0,19.0,12.0,22.0,23.0,15.0,10.0,19.0,22.0
Radio Controlled Truck,61.0,80.0,90.0,85.0,104.0,139.0,134.0,101.0,119.0,73.0,57.0,106.0,41.0,69.0,118.0,127.0,109.0,120.0,109.0,79.0,83.0,131.0,86.0,85.0,109.0,123.0,127.0,183.0,53.0,125.0,167.0,105.0,106.0,93.0,84.0,111.0,147.0,184.0,211.0,22.0,20.0,17.0,15.0,13.0,18.0,21.0,13.0,19.0,12.0,20.0,16.0,19.0,27.0,19.0,18.0,19.0,14.0,19.0,15.0,18.0,18.0,15.0,19.0,16.0,24.0,10.0,18.0,25.0,21.0,17.0,23.0,20.0,20.0,22.0,22.0,15.0,25.0,22.0,22.0,15.0,20.0,16.0,0.0,15.0,16.0,17.0,20.0,20.0,24.0,24.0,18.0,19.0,21.0,16.0,18.0,23.0,17.0,14.0,21.0,20.0
Real Power Tool Shop,54.0,77.0,89.0,74.0,101.0,144.0,131.0,96.0,122.0,70.0,48.0,103.0,34.0,64.0,113.0,126.0,106.0,113.0,100.0,72.0,80.0,126.0,81.0,78.0,106.0,118.0,126.0,182.0,48.0,130.0,172.0,96.0,99.0,86.0,77.0,108.0,144.0,183.0,210.0,19.0,21.0,16.0,14.0,10.0,17.0,18.0,12.0,16.0,15.0,17.0,13.0,18.0,22.0,14.0,15.0,18.0,13.0,20.0,16.0,15.0,13.0,18.0,16.0,19.0,23.0,13.0,13.0,24.0,24.0,12.0,22.0,19.0,17.0,25.0,25.0,14.0,24.0,21.0,17.0,16.0,17.0,13.0,15.0,0.0,17.0,14.0,21.0,21.0,19.0,23.0,17.0,16.0,14.0,13.0,19.0,26.0,18.0,11.0,20.0,15.0
Regal Ware Electric Knife,61.0,78.0,94.0,83.0,108.0,141.0,136.0,97.0,125.0,79.0,57.0,104.0,39.0,71.0,122.0,123.0,105.0,110.0,101.0,77.0,85.0,119.0,88.0,75.0,105.0,119.0,131.0,179.0,51.0,131.0,173.0,103.0,102.0,83.0,80.0,107.0,145.0,182.0,207.0,24.0,20.0,19.0,13.0,15.0,12.0,21.0,13.0,15.0,16.0,24.0,20.0,21.0,23.0,17.0,16.0,17.0,14.0,23.0,13.0,14.0,22.0,21.0,23.0,20.0,24.0,14.0,18.0,27.0,27.0,15.0,27.0,24.0,26.0,26.0,26.0,15.0,25.0,24.0,20.0,21.0,20.0,14.0,16.0,17.0,0.0,21.0,22.0,22.0,26.0,28.0,16.0,19.0,19.0,14.0,20.0,27.0,15.0,14.0,23.0,24.0
SKIL Power Screwdriver-RBS,66.0,83.0,95.0,80.0,103.0,138.0,131.0,98.0,124.0,76.0,56.0,107.0,40.0,68.0,117.0,132.0,112.0,115.0,102.0,82.0,90.0,130.0,87.0,84.0,104.0,118.0,128.0,176.0,58.0,128.0,170.0,102.0,107.0,90.0,85.0,114.0,142.0,177.0,202.0,19.0,25.0,4.0,16.0,12.0,15.0,20.0,18.0,24.0,15.0,23.0,17.0,22.0,26.0,16.0,19.0,22.0,17.0,18.0,16.0,17.0,15.0,20.0,22.0,25.0,27.0,15.0,19.0,28.0,26.0,12.0,30.0,23.0,23.0,29.0,29.0,18.0,30.0,21.0,27.0,20.0,23.0,17.0,17.0,14.0,21.0,0.0,21.0,23.0,23.0,27.0,21.0,22.0,22.0,19.0,23.0,30.0,22.0,19.0,24.0,27.0
Salon Series 795 Hair Dryer,67.0,86.0,98.0,91.0,112.0,139.0,140.0,105.0,123.0,81.0,63.0,112.0,49.0,69.0,126.0,131.0,111.0,122.0,109.0,81.0,87.0,133.0,88.0,89.0,109.0,121.0,125.0,181.0,55.0,125.0,163.0,105.0,106.0,91.0,84.0,109.0,143.0,180.0,205.0,22.0,20.0,23.0,19.0,21.0,18.0,15.0,17.0,19.0,12.0,22.0,18.0,21.0,25.0,23.0,20.0,19.0,20.0,21.0,19.0,24.0,18.0,19.0,21.0,20.0,10.0,16.0,20.0,25.0,17.0,23.0,21.0,6.0,20.0,26.0,26.0,19.0,23.0,20.0,18.0,23.0,14.0,22.0,20.0,21.0,22.0,21.0,0.0,18.0,32.0,26.0,20.0,25.0,23.0,16.0,22.0,27.0,19.0,20.0,23.0,30.0
Salton Sandwich Maker,59.0,76.0,92.0,81.0,104.0,143.0,132.0,91.0,121.0,73.0,53.0,100.0,39.0,69.0,118.0,129.0,113.0,114.0,107.0,77.0,85.0,123.0,84.0,85.0,105.0,117.0,115.0,171.0,49.0,121.0,163.0,95.0,100.0,89.0,78.0,109.0,143.0,184.0,205.0,28.0,26.0,27.0,17.0,19.0,26.0,19.0,21.0,19.0,20.0,30.0,24.0,23.0,23.0,21.0,18.0,19.0,14.0,23.0,15.0,14.0,26.0,29.0,25.0,18.0,24.0,18.0,26.0,17.0,21.0,17.0,29.0,20.0,24.0,20.0,22.0,21.0,31.0,32.0,26.0,19.0,16.0,18.0,20.0,21.0,22.0,23.0,18.0,0.0,26.0,24.0,22.0,25.0,23.0,18.0,26.0,21.0,21.0,18.0,23.0,22.0
Stamp Machine 17,61.0,78.0,94.0,79.0,106.0,153.0,134.0,95.0,129.0,77.0,55.0,102.0,39.0,75.0,118.0,131.0,113.0,116.0,107.0,77.0,85.0,123.0,82.0,79.0,113.0,127.0,127.0,187.0,53.0,137.0,179.0,101.0,96.0,91.0,80.0,113.0,151.0,188.0,215.0,24.0,28.0,27.0,23.0,19.0,26.0,23.0,23.0,27.0,28.0,22.0,26.0,23.0,21.0,19.0,24.0,23.0,18.0,27.0,21.0,22.0,26.0,31.0,19.0,24.0,38.0,24.0,26.0,21.0,29.0,21.0,21.0,32.0,20.0,24.0,24.0,25.0,25.0,28.0,26.0,21.0,24.0,24.0,24.0,19.0,26.0,23.0,32.0,26.0,0.0,22.0,24.0,21.0,27.0,22.0,22.0,25.0,27.0,16.0,25.0,20.0
Super Maxx Ball Shooter-RBS,67.0,84.0,104.0,89.0,116.0,149.0,138.0,95.0,125.0,83.0,61.0,104.0,47.0,71.0,128.0,129.0,113.0,114.0,105.0,79.0,87.0,137.0,90.0,93.0,121.0,135.0,121.0,187.0,57.0,133.0,163.0,103.0,106.0,95.0,84.0,115.0,147.0,178.0,205.0,26.0,26.0,31.0,23.0,23.0,30.0,17.0,25.0,25.0,26.0,24.0,28.0,23.0,25.0,19.0,28.0,23.0,20.0,23.0,23.0,26.0,30.0,31.0,23.0,26.0,32.0,22.0,26.0,25.0,31.0,23.0,23.0,26.0,20.0,28.0,28.0,29.0,31.0,22.0,26.0,21.0,20.0,26.0,24.0,23.0,28.0,27.0,26.0,24.0,22.0,0.0,28.0,21.0,29.0,20.0,26.0,27.0,27.0,22.0,27.0,22.0
Takka-1000 Pasta Machine,61.0,84.0,92.0,85.0,106.0,143.0,134.0,99.0,125.0,75.0,57.0,108.0,43.0,71.0,118.0,131.0,109.0,120.0,107.0,79.0,85.0,129.0,88.0,81.0,105.0,119.0,125.0,181.0,55.0,129.0,171.0,103.0,102.0,89.0,82.0,109.0,145.0,180.0,207.0,26.0,24.0,21.0,15.0,17.0,16.0,21.0,17.0,19.0,12.0,22.0,22.0,25.0,23.0,21.0,20.0,17.0,18.0,21.0,17.0,18.0,20.0,21.0,19.0,20.0,24.0,10.0,20.0,29.0,23.0,19.0,25.0,20.0,18.0,22.0,22.0,15.0,23.0,24.0,18.0,23.0,18.0,14.0,18.0,17.0,16.0,21.0,20.0,22.0,24.0,28.0,0.0,23.0,21.0,14.0,22.0,23.0,11.0,12.0,25.0,28.0
Tape Rewinder 22,58.0,73.0,93.0,82.0,107.0,138.0,133.0,92.0,116.0,76.0,56.0,97.0,40.0,66.0,121.0,124.0,108.0,111.0,104.0,76.0,82.0,126.0,79.0,82.0,112.0,126.0,124.0,180.0,50.0,124.0,166.0,102.0,103.0,90.0,81.0,110.0,150.0,185.0,212.0,21.0,23.0,24.0,18.0,14.0,21.0,22.0,20.0,24.0,17.0,21.0,21.0,22.0,22.0,18.0,23.0,26.0,19.0,28.0,16.0,21.0,23.0,22.0,20.0,19.0,31.0,13.0,17.0,26.0,28.0,20.0,24.0,25.0,21.0,31.0,29.0,18.0,26.0,25.0,23.0,18.0,21.0,17.0,19.0,16.0,19.0,22.0,25.0,25.0,21.0,21.0,23.0,0.0,20.0,15.0,21.0,30.0,22.0,17.0,26.0,21.0
Toy Solar Car,58.0,81.0,95.0,80.0,109.0,140.0,139.0,96.0,122.0,76.0,54.0,105.0,44.0,64.0,121.0,122.0,104.0,111.0,100.0,76.0,84.0,120.0,79.0,74.0,106.0,118.0,124.0,180.0,50.0,128.0,170.0,100.0,101.0,82.0,79.0,104.0,144.0,185.0,210.0,23.0,23.0,24.0,22.0,20.0,19.0,22.0,18.0,22.0,17.0,19.0,13.0,20.0,28.0,18.0,23.0,26.0,23.0,28.0,22.0,13.0,19.0,18.0,16.0,21.0,25.0,17.0,17.0,30.0,26.0,20.0,22.0,21.0,21.0,33.0,33.0,12.0,26.0,21.0,19.0,22.0,19.0,19.0,21.0,14.0,19.0,22.0,23.0,23.0,27.0,29.0,21.0,20.0,0.0,15.0,21.0,34.0,18.0,17.0,22.0,21.0
Upright Vacuum Cleaner,59.0,82.0,94.0,81.0,106.0,141.0,132.0,95.0,121.0,75.0,53.0,106.0,39.0,63.0,120.0,129.0,107.0,114.0,101.0,75.0,83.0,131.0,84.0,81.0,109.0,123.0,127.0,183.0,53.0,129.0,169.0,99.0,102.0,87.0,80.0,109.0,145.0,178.0,207.0,22.0,14.0,23.0,15.0,13.0,16.0,9.0,13.0,15.0,12.0,18.0,16.0,19.0,15.0,13.0,18.0,15.0,14.0,17.0,15.0,14.0,18.0,17.0,15.0,18.0,18.0,12.0,12.0,21.0,19.0,15.0,19.0,14.0,16.0,22.0,22.0,15.0,21.0,20.0,12.0,19.0,10.0,12.0,16.0,13.0,14.0,19.0,16.0,18.0,22.0,20.0,14.0,15.0,15.0,0.0,18.0,21.0,13.0,12.0,15.0,22.0
Wagner Paint Roller,67.0,84.0,102.0,91.0,116.0,141.0,142.0,101.0,121.0,85.0,63.0,108.0,49.0,69.0,130.0,133.0,117.0,122.0,113.0,85.0,93.0,125.0,78.0,81.0,119.0,133.0,133.0,189.0,55.0,129.0,171.0,111.0,106.0,97.0,90.0,119.0,157.0,190.0,219.0,24.0,26.0,25.0,23.0,17.0,18.0,21.0,19.0,23.0,18.0,14.0,16.0,23.0,25.0,19.0,24.0,25.0,20.0,25.0,19.0,24.0,20.0,17.0,15.0,22.0,30.0,16.0,14.0,23.0,21.0,23.0,17.0,22.0,16.0,22.0,20.0,21.0,11.0,24.0,24.0,19.0,22.0,22.0,18.0,19.0,20.0,23.0,22.0,26.0,22.0,26.0,22.0,21.0,21.0,18.0,0.0,23.0,23.0,18.0,21.0,26.0
West Bend Iced Tea Maker-RBS,68.0,91.0,101.0,90.0,113.0,154.0,139.0,104.0,132.0,82.0,62.0,113.0,48.0,76.0,125.0,144.0,122.0,129.0,116.0,86.0,94.0,126.0,85.0,80.0,112.0,126.0,128.0,188.0,58.0,132.0,172.0,104.0,97.0,98.0,87.0,118.0,150.0,189.0,210.0,35.0,29.0,32.0,26.0,24.0,31.0,22.0,28.0,26.0,27.0,31.0,31.0,32.0,22.0,30.0,27.0,22.0,25.0,26.0,26.0,25.0,29.0,36.0,26.0,27.0,33.0,25.0,27.0,24.0,22.0,26.0,24.0,29.0,23.0,1.0,5.0,30.0,22.0,35.0,29.0,26.0,23.0,23.0,23.0,26.0,27.0,30.0,27.0,21.0,25.0,27.0,23.0,30.0,34.0,21.0,23.0,0.0,26.0,19.0,26.0,33.0
West Bend Mixer,60.0,83.0,93.0,82.0,107.0,140.0,133.0,96.0,122.0,76.0,56.0,105.0,40.0,68.0,117.0,128.0,108.0,119.0,106.0,78.0,84.0,130.0,87.0,80.0,106.0,118.0,126.0,178.0,52.0,130.0,172.0,104.0,105.0,90.0,83.0,108.0,144.0,179.0,208.0,27.0,19.0,22.0,14.0,16.0,13.0,18.0,16.0,18.0,11.0,23.0,21.0,22.0,22.0,20.0,21.0,18.0,17.0,22.0,16.0,15.0,23.0,16.0,20.0,13.0,21.0,13.0,19.0,28.0,26.0,16.0,24.0,21.0,21.0,25.0,27.0,12.0,24.0,21.0,17.0,24.0,15.0,15.0,17.0,18.0,15.0,22.0,19.0,21.0,27.0,27.0,11.0,22.0,18.0,13.0,23.0,26.0,0.0,11.0,22.0,27.0
WestBend Food Processor,53.0,76.0,88.0,77.0,102.0,145.0,130.0,95.0,123.0,71.0,49.0,102.0,35.0,67.0,114.0,127.0,105.0,114.0,101.0,71.0,79.0,127.0,82.0,77.0,105.0,119.0,125.0,183.0,47.0,131.0,173.0,97.0,98.0,85.0,76.0,105.0,143.0,182.0,209.0,22.0,18.0,21.0,13.0,11.0,18.0,15.0,11.0,13.0,14.0,20.0,16.0,21.0,15.0,19.0,14.0,13.0,12.0,19.0,9.0,10.0,18.0,21.0,17.0,16.0,26.0,12.0,16.0,21.0,21.0,11.0,19.0,20.0,20.0,18.0,20.0,15.0,23.0,22.0,14.0,17.0,16.0,10.0,14.0,11.0,14.0,19.0,20.0,18.0,16.0,22.0,12.0,17.0,17.0,12.0,18.0,19.0,11.0,0.0,19.0,20.0
Wet/Dry Vacuum,62.0,83.0,97.0,80.0,107.0,148.0,135.0,96.0,126.0,76.0,54.0,107.0,40.0,70.0,119.0,126.0,108.0,113.0,100.0,74.0,82.0,130.0,85.0,84.0,110.0,122.0,118.0,186.0,50.0,132.0,168.0,94.0,99.0,86.0,77.0,110.0,144.0,179.0,206.0,27.0,19.0,26.0,24.0,16.0,23.0,16.0,18.0,22.0,23.0,21.0,21.0,26.0,24.0,20.0,23.0,20.0,23.0,14.0,20.0,19.0,21.0,26.0,20.0,19.0,27.0,21.0,21.0,26.0,24.0,18.0,20.0,19.0,25.0,25.0,27.0,24.0,24.0,25.0,21.0,22.0,17.0,19.0,21.0,20.0,23.0,24.0,23.0,23.0,25.0,27.0,25.0,26.0,22.0,15.0,21.0,26.0,22.0,19.0,0.0,27.0
bicycle brake 18,61.0,76.0,96.0,81.0,110.0,145.0,138.0,89.0,121.0,79.0,57.0,92.0,43.0,71.0,122.0,123.0,113.0,112.0,109.0,79.0,87.0,121.0,82.0,87.0,119.0,131.0,125.0,179.0,51.0,129.0,171.0,103.0,104.0,93.0,82.0,117.0,157.0,190.0,217.0,24.0,26.0,29.0,21.0,21.0,30.0,27.0,21.0,25.0,26.0,24.0,22.0,21.0,31.0,19.0,22.0,27.0,16.0,31.0,21.0,22.0,26.0,31.0,23.0,22.0,32.0,20.0,26.0,25.0,31.0,23.0,27.0,28.0,22.0,32.0,32.0,25.0,31.0,28.0,26.0,19.0,24.0,22.0,20.0,15.0,24.0,27.0,30.0,22.0,20.0,22.0,28.0,21.0,21.0,22.0,26.0,33.0,27.0,20.0,27.0,0.0
